Date,Open,High,Low,Close,Commission,Slippage,Ticker
22-06-20,10318.75,10393.65039,10277.59961,10311.2002,31037.10059,155.185503,NSEI
23-06-20,10347.9502,10484.7002,10301.75,10471,31037.10059,155.185503,NSEI
24-06-20,10529.25,10553.15039,10281.9502,10305.29981,31037.10059,155.185503,NSEI
25-06-20,10235.54981,10361.79981,10194.5,10288.90039,31037.10059,155.185503,NSEI
26-06-20,10378.90039,10409.84961,10311.25,10383,31037.10059,155.185503,NSEI
29-06-20,10311.9502,10337.9502,10223.59961,10312.40039,31037.10059,155.185503,NSEI
30-06-20,10382.59961,10401.04981,10267.34961,10302.09961,31037.10059,155.185503,NSEI
01-07-20,10323.79981,10447.04981,10299.59961,10430.04981,31037.10059,155.185503,NSEI
02-07-20,10493.04981,10598.2002,10485.54981,10551.7002,31037.10059,155.185503,NSEI
03-07-20,10614.9502,10631.29981,10562.65039,10607.34961,31037.10059,155.185503,NSEI
06-07-20,10723.84961,10811.40039,10695.09961,10763.65039,31037.10059,155.185503,NSEI
07-07-20,10802.84961,10813.79981,10689.7002,10799.65039,31037.10059,155.185503,NSEI
08-07-20,10818.65039,10847.84961,10676.54981,10705.75,31037.10059,155.185503,NSEI
09-07-20,10755.54981,10836.84961,10733,10813.4502,31037.10059,155.185503,NSEI
10-07-20,10764.09961,10819.40039,10713,10768.04981,31037.10059,155.185503,NSEI
13-07-20,10851.84961,10894.04981,10756.04981,10802.7002,31037.10059,155.185503,NSEI
14-07-20,10750.84961,10755.65039,10562.90039,10607.34961,31037.10059,155.185503,NSEI
15-07-20,10701,10827.4502,10577.75,10618.2002,31037.10059,155.185503,NSEI
16-07-20,10706.2002,10755.29981,10595.2002,10739.9502,31037.10059,155.185503,NSEI
17-07-20,10752,10933.4502,10749.65039,10901.7002,31037.10059,155.185503,NSEI
20-07-20,10999.4502,11037.90039,10953,11022.2002,31037.10059,155.185503,NSEI
21-07-20,11126.09961,11179.54981,11113.25,11162.25,31037.10059,155.185503,NSEI
22-07-20,11231.2002,11238.09961,11056.54981,11132.59961,31037.10059,155.185503,NSEI
23-07-20,11135,11239.79981,11103.15039,11215.4502,31037.10059,155.185503,NSEI
24-07-20,11149.9502,11225.40039,11090.29981,11194.15039,31037.10059,155.185503,NSEI
27-07-20,11225,11225,11087.84961,11131.79981,31037.10059,155.185503,NSEI
28-07-20,11154.09961,11317.75,11151.40039,11300.54981,31037.10059,155.185503,NSEI
29-07-20,11276.90039,11341.40039,11149.75,11202.84961,31037.10059,155.185503,NSEI
30-07-20,11254.29981,11299.9502,11084.9502,11102.15039,31037.10059,155.185503,NSEI
31-07-20,11139.5,11150.40039,11026.65039,11073.4502,31037.10059,155.185503,NSEI
03-08-20,11057.54981,11058.04981,10882.25,10891.59961,31037.10059,155.185503,NSEI
04-08-20,10946.65039,11112.25,10908.09961,11095.25,31037.10059,155.185503,NSEI
05-08-20,11155.75,11225.65039,11064.04981,11101.65039,31037.10059,155.185503,NSEI
06-08-20,11185.7002,11256.79981,11127.29981,11200.15039,31037.10059,155.185503,NSEI
07-08-20,11186.65039,11231.90039,11142.04981,11214.04981,31037.10059,155.185503,NSEI
10-08-20,11270.25,11337.29981,11238,11270.15039,31037.10059,155.185503,NSEI
11-08-20,11322.25,11373.59961,11299.15039,11322.5,31037.10059,155.185503,NSEI
12-08-20,11289,11322,11242.65039,11308.40039,31037.10059,155.185503,NSEI
13-08-20,11334.84961,11359.29981,11269.9502,11300.4502,31037.10059,155.185503,NSEI
14-08-20,11353.29981,11366.25,11111.4502,11178.40039,31037.10059,155.185503,NSEI
17-08-20,11248.90039,11267.09961,11144.5,11247.09961,31037.10059,155.185503,NSEI
18-08-20,11259.79981,11401.7002,11253.15039,11385.34961,31037.10059,155.185503,NSEI
19-08-20,11452.15039,11460.34961,11394.09961,11408.40039,31037.10059,155.185503,NSEI
20-08-20,11317.4502,11361.4502,11289.79981,11312.2002,31037.10059,155.185503,NSEI
21-08-20,11409.65039,11418.5,11362.2002,11371.59961,31037.10059,155.185503,NSEI
24-08-20,11412,11497.25,11410.65039,11466.4502,31037.10059,155.185503,NSEI
25-08-20,11513.09961,11525.90039,11423.34961,11472.25,31037.10059,155.185503,NSEI
26-08-20,11512.84961,11561.75,11461.84961,11549.59961,31037.10059,155.185503,NSEI
27-08-20,11609.29981,11617.34961,11540.59961,11559.25,31037.10059,155.185503,NSEI
28-08-20,11602.9502,11686.04981,11589.40039,11647.59961,31037.10059,155.185503,NSEI
31-08-20,11777.54981,11794.25,11325.84961,11387.5,31037.10059,155.185503,NSEI
01-09-20,11464.29981,11553.54981,11366.90039,11470.25,31037.10059,155.185503,NSEI
02-09-20,11478.54981,11554.75,11430.40039,11535,31037.10059,155.185503,NSEI
03-09-20,11566.2002,11584.9502,11507.65039,11527.4502,31037.10059,155.185503,NSEI
04-09-20,11354.40039,11452.04981,11303.65039,11333.84961,31037.10059,155.185503,NSEI
07-09-20,11359.59961,11381.15039,11251.7002,11355.04981,31037.10059,155.185503,NSEI
08-09-20,11378.54981,11437.25,11290.4502,11317.34961,31037.10059,155.185503,NSEI
09-09-20,11218.59961,11298.15039,11185.15039,11278,31037.10059,155.185503,NSEI
10-09-20,11363.29981,11464.04981,11327.40039,11449.25,31037.10059,155.185503,NSEI
11-09-20,11447.79981,11493.5,11419.90039,11464.4502,31037.10059,155.185503,NSEI
14-09-20,11540.15039,11568.90039,11383.54981,11440.04981,31037.10059,155.185503,NSEI
15-09-20,11487.2002,11535.9502,11442.25,11521.79981,31037.10059,155.185503,NSEI
16-09-20,11538.4502,11618.09961,11516.75,11604.54981,31037.10059,155.185503,NSEI
17-09-20,11539.40039,11587.2002,11498.5,11516.09961,31037.10059,155.185503,NSEI
18-09-20,11584.09961,11584.09961,11446.09961,11504.9502,31037.10059,155.185503,NSEI
21-09-20,11503.79981,11535.25,11218.5,11250.54981,31037.10059,155.185503,NSEI
22-09-20,11301.75,11302.2002,11084.65039,11153.65039,31037.10059,155.185503,NSEI
23-09-20,11258.75,11259.54981,11024.40039,11131.84961,31037.10059,155.185503,NSEI
24-09-20,11011,11015.29981,10790.2002,10805.54981,31037.10059,155.185503,NSEI
25-09-20,10910.40039,11072.59961,10854.84961,11050.25,31037.10059,155.185503,NSEI
28-09-20,11140.84961,11239.34961,11099.84961,11227.54981,31037.10059,155.185503,NSEI
29-09-20,11288.59961,11305.40039,11181,11222.40039,31037.10059,155.185503,NSEI
30-09-20,11244.4502,11295.40039,11184.54981,11247.54981,31037.10059,155.185503,NSEI
01-10-20,11364.4502,11428.59961,11347.04981,11416.9502,31037.10059,155.185503,NSEI
05-10-20,11487.79981,11578.04981,11452.29981,11503.34961,31037.10059,155.185503,NSEI
06-10-20,11603.4502,11680.29981,11564.29981,11662.40039,31037.10059,155.185503,NSEI
07-10-20,11679.25,11763.04981,11629.34961,11738.84961,31037.10059,155.185503,NSEI
08-10-20,11835.40039,11905.7002,11791.15039,11834.59961,31037.10059,155.185503,NSEI
09-10-20,11852.04981,11938.59961,11805.2002,11914.2002,31037.10059,155.185503,NSEI
12-10-20,11973.54981,12022.04981,11867.2002,11930.9502,31037.10059,155.185503,NSEI
13-10-20,11934.65039,11988.2002,11888.90039,11934.5,31037.10059,155.185503,NSEI
14-10-20,11917.40039,11997.2002,11822.15039,11971.04981,31037.10059,155.185503,NSEI
15-10-20,12023.4502,12025.4502,11661.29981,11680.34961,31037.10059,155.185503,NSEI
16-10-20,11727.40039,11789.75,11667.84961,11762.4502,31037.10059,155.185503,NSEI
19-10-20,11879.2002,11898.25,11820.40039,11873.04981,31037.10059,155.185503,NSEI
20-10-20,11861,11949.25,11837.25,11896.79981,31037.10059,155.185503,NSEI
21-10-20,11958.54981,12018.65039,11775.75,11937.65039,31037.10059,155.185503,NSEI
22-10-20,11890,11939.54981,11823.4502,11896.4502,31037.10059,155.185503,NSEI
23-10-20,11957.90039,11974.54981,11908.75,11930.34961,31037.10059,155.185503,NSEI
26-10-20,11937.40039,11942.84961,11711.7002,11767.75,31037.10059,155.185503,NSEI
27-10-20,11807.09961,11899.04981,11723,11889.40039,31037.10059,155.185503,NSEI
28-10-20,11922.59961,11929.40039,11684.84961,11729.59961,31037.10059,155.185503,NSEI
29-10-20,11633.29981,11744.15039,11606.4502,11670.79981,31037.10059,155.185503,NSEI
30-10-20,11678.4502,11748.9502,11535.4502,11642.40039,31037.10059,155.185503,NSEI
02-11-20,11697.34961,11725.65039,11557.40039,11669.15039,31037.10059,155.185503,NSEI
03-11-20,11734.4502,11836.2002,11723.29981,11813.5,31037.10059,155.185503,NSEI
04-11-20,11783.34961,11929.65039,11756.40039,11908.5,31037.10059,155.185503,NSEI
05-11-20,12062.40039,12131.09961,12027.59961,12120.29981,31037.10059,155.185503,NSEI
06-11-20,12156.65039,12280.40039,12131.84961,12263.54981,31037.10059,155.185503,NSEI
09-11-20,12399.40039,12474.04981,12367.34961,12461.04981,31037.10059,155.185503,NSEI
10-11-20,12556.40039,12643.90039,12475.25,12631.09961,31037.10059,155.185503,NSEI
11-11-20,12680.59961,12769.75,12571.09961,12749.15039,31037.10059,155.185503,NSEI
12-11-20,12702.15039,12741.15039,12624.84961,12690.79981,31037.10059,155.185503,NSEI
13-11-20,12659.7002,12735.9502,12607.7002,12719.9502,31037.10059,155.185503,NSEI
14-11-20,null,null,null,null,31037.10059,155.185503,NSEI
17-11-20,12932.5,12934.04981,12797.09961,12874.2002,31037.10059,155.185503,NSEI
18-11-20,12860.09961,12948.84961,12819.34961,12938.25,31037.10059,155.185503,NSEI
19-11-20,12839.5,12963,12745.75,12771.7002,31037.10059,155.185503,NSEI
20-11-20,12813.40039,12892.4502,12730.25,12859.04981,31037.10059,155.185503,NSEI
23-11-20,12960.29981,12968.84961,12825.7002,12926.4502,31037.10059,155.185503,NSEI
24-11-20,13002.59961,13079.09961,12978,13055.15039,31037.10059,155.185503,NSEI
25-11-20,13130,13145.84961,12833.65039,12858.40039,31037.10059,155.185503,NSEI
26-11-20,12906.4502,13018,12790.40039,12987,31037.10059,155.185503,NSEI
27-11-20,13012.04981,13035.29981,12914.29981,12968.9502,31037.10059,155.185503,NSEI
01-12-20,13062.2002,13128.40039,12962.79981,13109.04981,31037.10059,155.185503,NSEI
02-12-20,13121.40039,13128.5,12983.54981,13113.75,31037.10059,155.185503,NSEI
03-12-20,13215.29981,13216.59961,13107.90039,13133.90039,31037.10059,155.185503,NSEI
04-12-20,13177.40039,13280.04981,13152.84961,13258.54981,31037.10059,155.185503,NSEI
07-12-20,13264.84961,13366.65039,13241.9502,13355.75,31037.10059,155.185503,NSEI
08-12-20,13393.84961,13435.4502,13311.04981,13392.9502,31037.10059,155.185503,NSEI
09-12-20,13458.09961,13548.90039,13449.59961,13529.09961,31037.10059,155.185503,NSEI
10-12-20,13488.5,13503.54981,13399.29981,13478.29981,31037.10059,155.185503,NSEI
11-12-20,13512.29981,13579.34961,13402.84961,13513.84961,31037.10059,155.185503,NSEI
14-12-20,13571.4502,13597.5,13472.4502,13558.15039,31037.10059,155.185503,NSEI
15-12-20,13547.2002,13589.65039,13447.04981,13567.84961,31037.10059,155.185503,NSEI
16-12-20,13663.09961,13692.34961,13606.4502,13682.7002,31037.10059,155.185503,NSEI
17-12-20,13713.54981,13773.25,13673.54981,13740.7002,31037.10059,155.185503,NSEI
18-12-20,13764.40039,13772.84961,13658.59961,13760.54981,31037.10059,155.185503,NSEI
21-12-20,13741.90039,13777.5,13131.4502,13328.40039,31037.10059,155.185503,NSEI
22-12-20,13373.65039,13492.04981,13192.90039,13466.29981,31037.10059,155.185503,NSEI
23-12-20,13473.5,13619.4502,13432.2002,13601.09961,31037.10059,155.185503,NSEI
24-12-20,13672.15039,13771.75,13626.90039,13749.25,31037.10059,155.185503,NSEI
28-12-20,13815.15039,13885.29981,13811.54981,13873.2002,31037.10059,155.185503,NSEI
29-12-20,13910.34961,13967.59961,13859.90039,13932.59961,31037.10059,155.185503,NSEI
30-12-20,13980.90039,13997,13864.9502,13981.9502,31037.10059,155.185503,NSEI
31-12-20,13970,14024.84961,13936.4502,13981.75,31037.10059,155.185503,NSEI
01-01-21,13996.09961,14049.84961,13991.34961,14018.5,31037.10059,155.185503,NSEI
04-01-21,14104.34961,14147.9502,13953.75,14132.90039,31037.10059,155.185503,NSEI
05-01-21,14075.15039,14215.59961,14048.15039,14199.5,31037.10059,155.185503,NSEI
06-01-21,14240.9502,14244.15039,14039.90039,14146.25,31037.10059,155.185503,NSEI
07-01-21,14253.75,14256.25,14123.09961,14137.34961,31037.10059,155.185503,NSEI
08-01-21,14258.40039,14367.29981,14221.65039,14347.25,31037.10059,155.185503,NSEI
11-01-21,14474.04981,14498.2002,14383.09961,14484.75,31037.10059,155.185503,NSEI
12-01-21,14473.79981,14590.65039,14432.84961,14563.4502,31037.10059,155.185503,NSEI
13-01-21,14639.79981,14653.34961,14435.7002,14564.84961,31037.10059,155.185503,NSEI
14-01-21,14550.04981,14617.79981,14471.5,14595.59961,31037.10059,155.185503,NSEI
15-01-21,14594.34961,14617.4502,14357.84961,14433.7002,31037.10059,155.185503,NSEI
18-01-21,14453.29981,14459.15039,14222.79981,14281.29981,31037.10059,155.185503,NSEI
19-01-21,14371.65039,14546.04981,14350.84961,14521.15039,31037.10059,155.185503,NSEI
20-01-21,14538.29981,14666.4502,14517.54981,14644.7002,31037.10059,155.185503,NSEI
21-01-21,14730.9502,14753.54981,14517.25,14590.34961,31037.10059,155.185503,NSEI
22-01-21,14583.40039,14619.90039,14357.75,14371.90039,31037.10059,155.185503,NSEI
25-01-21,14477.79981,14491.09961,14218.59961,14238.90039,31037.10059,155.185503,NSEI
27-01-21,14237.9502,14237.9502,13929.29981,13967.5,31037.10059,155.185503,NSEI
28-01-21,13810.40039,13898.25,13713.25,13817.54981,31037.10059,155.185503,NSEI
29-01-21,13946.59961,13966.84961,13596.75,13634.59961,31037.10059,155.185503,NSEI
01-02-21,13758.59961,14336.34961,13661.75,14281.2002,31037.10059,155.185503,NSEI
02-02-21,14481.09961,14731.7002,14469.15039,14647.84961,31037.10059,155.185503,NSEI
03-02-21,14754.90039,14868.84961,14574.15039,14789.9502,31037.10059,155.185503,NSEI
04-02-21,14789.04981,14913.7002,14714.75,14895.65039,31037.10059,155.185503,NSEI
05-02-21,14952.59961,15014.65039,14864.75,14924.25,31037.10059,155.185503,NSEI
08-02-21,15064.29981,15159.90039,15041.04981,15115.79981,31037.10059,155.185503,NSEI
09-02-21,15164.15039,15257.09961,15064.29981,15109.29981,31037.10059,155.185503,NSEI
10-02-21,15119.04981,15168.25,14977.2002,15106.5,31037.10059,155.185503,NSEI
11-02-21,15073.25,15188.5,15065.40039,15173.29981,31037.10059,155.185503,NSEI
12-02-21,15186.2002,15243.5,15081,15163.29981,31037.10059,155.185503,NSEI
15-02-21,15270.29981,15340.15039,15243.40039,15314.7002,31037.10059,155.185503,NSEI
16-02-21,15371.4502,15431.75,15242.2002,15313.4502,31037.10059,155.185503,NSEI
17-02-21,15279.90039,15314.29981,15170.75,15208.90039,31037.10059,155.185503,NSEI
18-02-21,15238.7002,15250.75,15078.04981,15118.9502,31037.10059,155.185503,NSEI
19-02-21,15074.79981,15144.04981,14898.2002,14981.75,31037.10059,155.185503,NSEI
22-02-21,14999.04981,15010.09961,14635.04981,14675.7002,31037.10059,155.185503,NSEI
23-02-21,14782.25,14854.5,14651.84961,14707.79981,31037.10059,155.185503,NSEI
24-02-21,14729.15039,15008.79981,14504.5,14982,31037.10059,155.185503,NSEI
25-02-21,15079.84961,15176.5,15065.34961,15097.34961,31037.10059,155.185503,NSEI
26-02-21,14888.59961,14919.4502,14467.75,14529.15039,31037.10059,155.185503,NSEI
01-03-21,14702.5,14806.79981,14638.54981,14761.54981,31037.10059,155.185503,NSEI
02-03-21,14865.29981,14959.09961,14760.79981,14919.09961,31037.10059,155.185503,NSEI
03-03-21,15064.40039,15273.15039,14995.79981,15245.59961,31037.10059,155.185503,NSEI
04-03-21,15026.75,15202.34961,14980.2002,15080.75,31037.10059,155.185503,NSEI
05-03-21,14977.9502,15092.34961,14862.09961,14938.09961,31037.10059,155.185503,NSEI
08-03-21,15002.4502,15111.15039,14919.90039,14956.2002,31037.10059,155.185503,NSEI
09-03-21,15049.90039,15126.84961,14925.4502,15098.40039,31037.10059,155.185503,NSEI
10-03-21,15202.15039,15218.4502,15100.84961,15174.79981,31037.10059,155.185503,NSEI
12-03-21,15321.15039,15336.29981,14953.59961,15030.9502,31037.10059,155.185503,NSEI
15-03-21,15048.40039,15048.40039,14745.84961,14929.5,31037.10059,155.185503,NSEI
16-03-21,14996.09961,15051.59961,14890.65039,14910.4502,31037.10059,155.185503,NSEI
17-03-21,14946.54981,14956.54981,14696.04981,14721.29981,31037.10059,155.185503,NSEI
18-03-21,14855.5,14875.2002,14478.59961,14557.84961,31037.10059,155.185503,NSEI
19-03-21,14471.15039,14788.25,14350.09961,14744,31037.10059,155.185503,NSEI
22-03-21,14736.29981,14763.90039,14597.84961,14736.40039,31037.10059,155.185503,NSEI
23-03-21,14768.54981,14878.59961,14707,14814.75,31037.10059,155.185503,NSEI
24-03-21,14712.4502,14752.34961,14535,14549.40039,31037.10059,155.185503,NSEI
25-03-21,14570.90039,14575.59961,14264.40039,14324.90039,31037.10059,155.185503,NSEI
26-03-21,14506.29981,14572.90039,14414.25,14507.29981,31037.10059,155.185503,NSEI
30-03-21,14628.5,14876.29981,14617.59961,14845.09961,31037.10059,155.185503,NSEI
31-03-21,14811.84961,14813.75,14670.25,14690.7002,31037.10059,155.185503,NSEI
01-04-21,14798.40039,14883.2002,14692.4502,14867.34961,31037.10059,155.185503,NSEI
05-04-21,14837.7002,14849.84961,14459.5,14637.79981,31037.10059,155.185503,NSEI
06-04-21,14737,14779.09961,14573.90039,14683.5,31037.10059,155.185503,NSEI
07-04-21,14716.4502,14879.79981,14649.84961,14819.04981,31037.10059,155.185503,NSEI
08-04-21,14875.65039,14984.15039,14821.09961,14873.79981,31037.10059,155.185503,NSEI
09-04-21,14882.65039,14918.4502,14785.65039,14834.84961,31037.10059,155.185503,NSEI
12-04-21,14644.65039,14652.5,14248.7002,14310.79981,31037.10059,155.185503,NSEI
13-04-21,14364.90039,14528.90039,14274.90039,14504.79981,31037.10059,155.185503,NSEI
15-04-21,14522.40039,14597.54981,14353.2002,14581.4502,31037.10059,155.185503,NSEI
16-04-21,14599.59961,14697.7002,14559,14617.84961,31037.10059,155.185503,NSEI
19-04-21,14306.59961,14382.29981,14191.40039,14359.4502,31037.10059,155.185503,NSEI
20-04-21,14526.7002,14526.9502,14207.29981,14296.40039,31037.10059,155.185503,NSEI
22-04-21,14219.15039,14424.75,14151.40039,14406.15039,31037.10059,155.185503,NSEI
23-04-21,14326.34961,14461.15039,14273.29981,14341.34961,31037.10059,155.185503,NSEI
26-04-21,14449.4502,14557.5,14421.29981,14485,31037.10059,155.185503,NSEI
27-04-21,14493.79981,14667.54981,14484.84961,14653.04981,31037.10059,155.185503,NSEI
28-04-21,14710.5,14890.25,14694.9502,14864.54981,31037.10059,155.185503,NSEI
29-04-21,14979,15044.34961,14814.4502,14894.90039,31037.10059,155.185503,NSEI
30-04-21,14747.34961,14855.4502,14601.7002,14631.09961,31037.10059,155.185503,NSEI
03-05-21,14481.04981,14673.84961,14416.25,14634.15039,31037.10059,155.185503,NSEI
04-05-21,14687.25,14723.40039,14461.5,14496.5,31037.10059,155.185503,NSEI
05-05-21,14604.15039,14637.90039,14506.59961,14617.84961,31037.10059,155.185503,NSEI
06-05-21,14668.34961,14743.90039,14611.5,14724.79981,31037.10059,155.185503,NSEI
07-05-21,14816.84961,14863.04981,14765.5,14823.15039,31037.10059,155.185503,NSEI
10-05-21,14928.25,14966.90039,14892.5,14942.34961,31037.10059,155.185503,NSEI
11-05-21,14789.7002,14900,14771.40039,14850.75,31037.10059,155.185503,NSEI
12-05-21,14823.54981,14824.04981,14649.7002,14696.5,31037.10059,155.185503,NSEI
14-05-21,14749.40039,14749.65039,14591.90039,14677.79981,31037.10059,155.185503,NSEI
17-05-21,14756.25,14938,14725.34961,14923.15039,31037.10059,155.185503,NSEI
18-05-21,15067.2002,15137.25,15043.7002,15108.09961,31037.10059,155.185503,NSEI
19-05-21,15058.59961,15133.40039,15008.84961,15030.15039,31037.10059,155.185503,NSEI
20-05-21,15042.59961,15069.79981,14884.90039,14906.04981,31037.10059,155.185503,NSEI
21-05-21,14987.79981,15190,14985.84961,15175.29981,31037.10059,155.185503,NSEI
24-05-21,15211.34961,15256.25,15145.4502,15197.7002,31037.10059,155.185503,NSEI
25-05-21,15291.75,15293.84961,15163.40039,15208.4502,31037.10059,155.185503,NSEI
26-05-21,15257.04981,15319.90039,15194.9502,15301.4502,31037.10059,155.185503,NSEI
27-05-21,15323.9502,15384.54981,15272.5,15337.84961,31037.10059,155.185503,NSEI
28-05-21,15421.2002,15469.65039,15394.75,15435.65039,31037.10059,155.185503,NSEI
31-05-21,15437.75,15606.34961,15374,15582.79981,31037.10059,155.185503,NSEI
01-06-21,15629.65039,15660.75,15528.29981,15574.84961,31037.10059,155.185503,NSEI
02-06-21,15520.34961,15597.4502,15459.84961,15576.2002,31037.10059,155.185503,NSEI
03-06-21,15655.54981,15705.09961,15611,15690.34961,31037.10059,155.185503,NSEI
04-06-21,15712.5,15733.59961,15622.34961,15670.25,31037.10059,155.185503,NSEI
07-06-21,15725.09961,15773.4502,15678.09961,15751.65039,31037.10059,155.185503,NSEI
08-06-21,15773.90039,15778.79981,15680,15740.09961,31037.10059,155.185503,NSEI
09-06-21,15766.29981,15800.4502,15566.90039,15635.34961,31037.10059,155.185503,NSEI
10-06-21,15692.09961,15751.25,15648.5,15737.75,31037.10059,155.185503,NSEI
11-06-21,15796.4502,15835.54981,15749.79981,15799.34961,31037.10059,155.185503,NSEI
14-06-21,15791.40039,15823.04981,15606.5,15811.84961,31037.10059,155.185503,NSEI
15-06-21,15866.9502,15901.59961,15842.40039,15869.25,31037.10059,155.185503,NSEI
16-06-21,15847.5,15880.84961,15742.59961,15767.54981,31037.10059,155.185503,NSEI
17-06-21,15648.29981,15769.34961,15616.75,15691.40039,31037.10059,155.185503,NSEI
18-06-21,15756.5,15761.5,15450.90039,15683.34961,31037.10059,155.185503,NSEI
21-06-21,15525.84961,15765.15039,15505.65039,15746.5,31037.10059,155.185503,NSEI
22-06-21,15840.5,15895.75,15752.09961,15772.75,31037.10059,155.185503,NSEI
23-06-21,15862.79981,15862.9502,15673.9502,15686.9502,31037.10059,155.185503,NSEI
24-06-21,15737.29981,15821.40039,15702.7002,15790.4502,31037.10059,155.185503,NSEI
25-06-21,15839.34961,15870.79981,15772.29981,15860.34961,31037.10059,155.185503,NSEI
28-06-21,15915.34961,15915.65039,15792.15039,15814.7002,31037.10059,155.185503,NSEI
29-06-21,15807.5,15835.90039,15724.04981,15748.4502,31037.10059,155.185503,NSEI
30-06-21,15776.90039,15839.09961,15708.75,15721.5,31037.10059,155.185503,NSEI
01-07-21,15755.04981,15755.54981,15667.04981,15680,31037.10059,155.185503,NSEI
02-07-21,15705.84961,15738.34961,15635.9502,15722.2002,31037.10059,155.185503,NSEI
05-07-21,15793.40039,15845.9502,15762.04981,15834.34961,31037.10059,155.185503,NSEI
06-07-21,15813.75,15914.2002,15801,15818.25,31037.10059,155.185503,NSEI
07-07-21,15819.59961,15893.54981,15779.7002,15879.65039,31037.10059,155.185503,NSEI
08-07-21,15855.40039,15885.75,15682.90039,15727.90039,31037.10059,155.185503,NSEI
09-07-21,15688.25,15730.84961,15632.75,15689.79981,31037.10059,155.185503,NSEI
12-07-21,15766.79981,15789.2002,15644.75,15692.59961,31037.10059,155.185503,NSEI
13-07-21,15794,15820.79981,15744.59961,15812.34961,31037.10059,155.185503,NSEI
14-07-21,15808.7002,15877.34961,15764.2002,15853.9502,31037.10059,155.185503,NSEI
15-07-21,15872.15039,15952.34961,15855,15924.2002,31037.10059,155.185503,NSEI
16-07-21,15958.34961,15962.25,15882.59961,15923.40039,31037.10059,155.185503,NSEI
19-07-21,15754.5,15836.90039,15707.5,15752.40039,31037.10059,155.185503,NSEI
20-07-21,15703.9502,15728.4502,15578.54981,15632.09961,31037.10059,155.185503,NSEI
22-07-21,15736.59961,15834.79981,15726.40039,15824.04981,31037.10059,155.185503,NSEI
23-07-21,15856.79981,15899.79981,15768.40039,15856.04981,31037.10059,155.185503,NSEI
26-07-21,15849.29981,15893.34961,15797,15824.4502,31037.10059,155.185503,NSEI
27-07-21,15860.5,15881.54981,15701,15746.4502,31037.10059,155.185503,NSEI
28-07-21,15761.54981,15767.5,15513.4502,15709.40039,31037.10059,155.185503,NSEI
29-07-21,15762.7002,15817.34961,15737.79981,15778.4502,31037.10059,155.185503,NSEI
30-07-21,15800.59961,15862.79981,15744.84961,15763.04981,31037.10059,155.185503,NSEI
02-08-21,15874.90039,15892.90039,15834.65039,15885.15039,31037.10059,155.185503,NSEI
03-08-21,15951.54981,16146.90039,15914.34961,16130.75,31037.10059,155.185503,NSEI
04-08-21,16195.25,16290.2002,16176.15039,16258.79981,31037.10059,155.185503,NSEI
05-08-21,16288.9502,16349.4502,16210.29981,16294.59961,31037.10059,155.185503,NSEI
06-08-21,16304.40039,16336.75,16223.29981,16238.2002,31037.10059,155.185503,NSEI
09-08-21,16281.34961,16320.75,16179.04981,16258.25,31037.10059,155.185503,NSEI
10-08-21,16274.79981,16359.25,16202.25,16280.09961,31037.10059,155.185503,NSEI
11-08-21,16327.29981,16338.75,16162.54981,16282.25,31037.10059,155.185503,NSEI
12-08-21,16303.65039,16375.5,16286.90039,16364.40039,31037.10059,155.185503,NSEI
13-08-21,16385.69922,16543.59961,16376.29981,16529.09961,31037.10059,155.185503,NSEI
16-08-21,16518.40039,16589.40039,16480.75,16563.05078,31037.10059,155.185503,NSEI
17-08-21,16545.25,16628.55078,16495.40039,16614.59961,31037.10059,155.185503,NSEI
18-08-21,16691.94922,16701.84961,16535.84961,16568.84961,31037.10059,155.185503,NSEI
20-08-21,16382.5,16509.55078,16376.04981,16450.5,31037.10059,155.185503,NSEI
23-08-21,16592.25,16592.5,16395.69922,16496.44922,31037.10059,155.185503,NSEI
24-08-21,16561.40039,16647.09961,16495.30078,16624.59961,31037.10059,155.185503,NSEI
25-08-21,16654,16712.44922,16617.5,16634.65039,31037.10059,155.185503,NSEI
26-08-21,16627.94922,16683.69922,16603.40039,16636.90039,31037.10059,155.185503,NSEI
27-08-21,16642.55078,16722.05078,16565.59961,16705.19922,31037.10059,155.185503,NSEI
30-08-21,16775.84961,16951.5,16764.84961,16931.05078,31037.10059,155.185503,NSEI
31-08-21,16947.5,17153.5,16915.84961,17132.19922,31037.10059,155.185503,NSEI
01-09-21,17185.59961,17225.75,17055.05078,17076.25,31037.10059,155.185503,NSEI
02-09-21,17095.40039,17245.5,17059.69922,17234.15039,31037.10059,155.185503,NSEI
03-09-21,17262.44922,17340.09961,17212.19922,17323.59961,31037.10059,155.185503,NSEI
06-09-21,17399.34961,17429.55078,17345.55078,17377.80078,31037.10059,155.185503,NSEI
07-09-21,17401.55078,17436.5,17287,17362.09961,31037.10059,155.185503,NSEI
08-09-21,17375.75,17383.40039,17254.19922,17353.5,31037.10059,155.185503,NSEI
09-09-21,17312.84961,17379.65039,17302.69922,17369.25,31037.10059,155.185503,NSEI
13-09-21,17363.55078,17378.34961,17269.15039,17355.30078,31037.10059,155.185503,NSEI
14-09-21,17420.34961,17438.55078,17367.05078,17380,31037.10059,155.185503,NSEI
15-09-21,17387.65039,17532.69922,17386.90039,17519.44922,31037.10059,155.185503,NSEI
16-09-21,17539.19922,17644.59961,17510.44922,17629.5,31037.10059,155.185503,NSEI
17-09-21,17709.65039,17792.94922,17537.65039,17585.15039,31037.10059,155.185503,NSEI
20-09-21,17443.84961,17622.75,17361.80078,17396.90039,31037.10059,155.185503,NSEI
21-09-21,17450.5,17578.34961,17326.09961,17562,31037.10059,155.185503,NSEI
22-09-21,17580.90039,17610.44922,17524,17546.65039,31037.10059,155.185503,NSEI
23-09-21,17670.84961,17843.90039,17646.55078,17822.94922,31037.10059,155.185503,NSEI
24-09-21,17897.44922,17947.65039,17819.40039,17853.19922,31037.10059,155.185503,NSEI
27-09-21,17932.19922,17943.5,17802.90039,17855.09961,31037.10059,155.185503,NSEI
28-09-21,17906.44922,17912.84961,17576.09961,17748.59961,31037.10059,155.185503,NSEI
29-09-21,17657.94922,17781.75,17608.15039,17711.30078,31037.10059,155.185503,NSEI
30-09-21,17718.90039,17742.15039,17585.34961,17618.15039,31037.10059,155.185503,NSEI
01-10-21,17531.90039,17557.15039,17452.90039,17532.05078,31037.10059,155.185503,NSEI
04-10-21,17615.55078,17750.90039,17581.34961,17691.25,31037.10059,155.185503,NSEI
05-10-21,17661.34961,17833.44922,17640.90039,17822.30078,31037.10059,155.185503,NSEI
06-10-21,17861.5,17884.59961,17613.15039,17646,31037.10059,155.185503,NSEI
07-10-21,17810.55078,17857.55078,17763.80078,17790.34961,31037.10059,155.185503,NSEI
08-10-21,17886.84961,17941.84961,17840.34961,17895.19922,31037.10059,155.185503,NSEI
11-10-21,17867.55078,18041.94922,17839.09961,17945.94922,31037.10059,155.185503,NSEI
12-10-21,17915.80078,18008.65039,17864.94922,17991.94922,31037.10059,155.185503,NSEI
13-10-21,18097.84961,18197.80078,18050.75,18161.75,31037.10059,155.185503,NSEI
14-10-21,18272.84961,18350.75,18248.69922,18338.55078,31037.10059,155.185503,NSEI
18-10-21,18500.09961,18543.15039,18445.30078,18477.05078,31037.10059,155.185503,NSEI
19-10-21,18602.34961,18604.44922,18377.69922,18418.75,31037.10059,155.185503,NSEI
20-10-21,18439.90039,18458.30078,18209.34961,18266.59961,31037.10059,155.185503,NSEI
21-10-21,18382.69922,18384.19922,18048,18178.09961,31037.10059,155.185503,NSEI
22-10-21,18230.69922,18314.25,18034.34961,18114.90039,31037.10059,155.185503,NSEI
25-10-21,18229.5,18241.40039,17968.5,18125.40039,31037.10059,155.185503,NSEI
26-10-21,18154.5,18310.44922,18099.30078,18268.40039,31037.10059,155.185503,NSEI
27-10-21,18295.84961,18342.05078,18167.90039,18210.94922,31037.10059,155.185503,NSEI
28-10-21,18187.65039,18190.69922,17799.44922,17857.25,31037.10059,155.185503,NSEI
29-10-21,17833.05078,17915.84961,17613.09961,17671.65039,31037.10059,155.185503,NSEI
01-11-21,17783.15039,17954.09961,17697.09961,17929.65039,31037.10059,155.185503,NSEI
02-11-21,17970.90039,18012.25,17847.59961,17888.94922,31037.10059,155.185503,NSEI
03-11-21,17947.94922,17988.75,17757.94922,17829.19922,31037.10059,155.185503,NSEI
04-11-21,17935.05078,17947.55078,17900.59961,17916.80078,31037.10059,155.185503,NSEI
08-11-21,18040.19922,18087.80078,17836.09961,18068.55078,31037.10059,155.185503,NSEI
09-11-21,18084.34961,18112.59961,17983.05078,18044.25,31037.10059,155.185503,NSEI
10-11-21,17973.44922,18061.25,17915,18017.19922,31037.10059,155.185503,NSEI
11-11-21,17967.44922,17971.34961,17798.19922,17873.59961,31037.10059,155.185503,NSEI
12-11-21,17977.59961,18123,17905.90039,18102.75,31037.10059,155.185503,NSEI
15-11-21,18140.94922,18210.15039,18071.30078,18109.44922,31037.10059,155.185503,NSEI
16-11-21,18127.05078,18132.65039,17958.80078,17999.19922,31037.10059,155.185503,NSEI
17-11-21,17939.34961,18022.65039,17879.25,17898.65039,31037.10059,155.185503,NSEI
18-11-21,17890.55078,17945.59961,17688.5,17764.80078,31037.10059,155.185503,NSEI
22-11-21,17796.25,17805.25,17280.44922,17416.55078,31037.10059,155.185503,NSEI
23-11-21,17281.75,17553.69922,17216.09961,17503.34961,31037.10059,155.185503,NSEI
24-11-21,17550.05078,17600.59961,17354,17415.05078,31037.10059,155.185503,NSEI
25-11-21,17417.30078,17564.34961,17351.69922,17536.25,31037.10059,155.185503,NSEI
26-11-21,17338.75,17355.40039,16985.69922,17026.44922,31037.10059,155.185503,NSEI
29-11-21,17055.80078,17160.69922,16782.40039,17053.94922,31037.10059,155.185503,NSEI
30-11-21,17051.15039,17324.65039,16931.40039,16983.19922,31037.10059,155.185503,NSEI
01-12-21,17104.40039,17213.05078,17064.25,17166.90039,31037.10059,155.185503,NSEI
02-12-21,17183.19922,17420.34961,17149.30078,17401.65039,31037.10059,155.185503,NSEI
03-12-21,17424.90039,17489.80078,17180.80078,17196.69922,31037.10059,155.185503,NSEI
06-12-21,17209.05078,17216.75,16891.69922,16912.25,31037.10059,155.185503,NSEI
07-12-21,17044.09961,17251.65039,16987.75,17176.69922,31037.10059,155.185503,NSEI
08-12-21,17315.25,17484.59961,17308.94922,17469.75,31037.10059,155.185503,NSEI
09-12-21,17524.40039,17543.25,17379.59961,17516.84961,31037.10059,155.185503,NSEI
10-12-21,17476.05078,17534.34961,17405.25,17511.30078,31037.10059,155.185503,NSEI
13-12-21,17619.09961,17639.5,17355.94922,17368.25,31037.10059,155.185503,NSEI
14-12-21,17283.19922,17376.19922,17225.80078,17324.90039,31037.10059,155.185503,NSEI
15-12-21,17323.65039,17351.19922,17192.19922,17221.40039,31037.10059,155.185503,NSEI
16-12-21,17373,17379.34961,17184.94922,17248.40039,31037.10059,155.185503,NSEI
17-12-21,17276,17298.15039,16966.44922,16985.19922,31037.10059,155.185503,NSEI
20-12-21,16824.25,16840.09961,16410.19922,16614.19922,31037.10059,155.185503,NSEI
21-12-21,16773.15039,16936.40039,16688.25,16770.84961,31037.10059,155.185503,NSEI
22-12-21,16865.55078,16971,16819.5,16955.44922,31037.10059,155.185503,NSEI
23-12-21,17066.80078,17118.65039,17015.55078,17072.59961,31037.10059,155.185503,NSEI
24-12-21,17149.5,17155.59961,16909.59961,17003.75,31037.10059,155.185503,NSEI
27-12-21,16937.75,17112.05078,16833.19922,17086.25,31037.10059,155.185503,NSEI
28-12-21,17177.59961,17250.25,17161.15039,17233.25,31037.10059,155.185503,NSEI
29-12-21,17220.09961,17285.94922,17176.65039,17213.59961,31037.10059,155.185503,NSEI
30-12-21,17201.44922,17264.05078,17146.34961,17203.94922,31037.10059,155.185503,NSEI
31-12-21,17244.5,17400.80078,17238.5,17354.05078,31037.10059,155.185503,NSEI
03-01-22,17387.15039,17646.65039,17383.30078,17625.69922,31037.10059,155.185503,NSEI
04-01-22,17681.40039,17827.59961,17593.55078,17805.25,31037.10059,155.185503,NSEI
05-01-22,17820.09961,17944.69922,17748.84961,17925.25,31037.10059,155.185503,NSEI
06-01-22,17768.5,17797.94922,17655.55078,17745.90039,31037.10059,155.185503,NSEI
07-01-22,17797.59961,17905,17704.55078,17812.69922,31037.10059,155.185503,NSEI
10-01-22,17913.30078,18017.44922,17879.15039,18003.30078,31037.10059,155.185503,NSEI
11-01-22,17997.75,18081.25,17964.40039,18055.75,31037.10059,155.185503,NSEI
12-01-22,18170.40039,18227.94922,18128.80078,18212.34961,31037.10059,155.185503,NSEI
13-01-22,18257,18272.25,18163.80078,18257.80078,31037.10059,155.185503,NSEI
14-01-22,18185,18286.94922,18119.65039,18255.75,31037.10059,155.185503,NSEI
17-01-22,18235.65039,18321.55078,18228.75,18308.09961,31037.10059,155.185503,NSEI
18-01-22,18337.19922,18350.94922,18085.90039,18113.05078,31037.10059,155.185503,NSEI
19-01-22,18129.19922,18129.19922,17884.90039,17938.40039,31037.10059,155.185503,NSEI
20-01-22,17921,17943.69922,17648.44922,17757,31037.10059,155.185503,NSEI
21-01-22,17613.69922,17707.59961,17485.84961,17617.15039,31037.10059,155.185503,NSEI
24-01-22,17575.15039,17599.40039,16997.84961,17149.09961,31037.10059,155.185503,NSEI
25-01-22,17001.55078,17309.15039,16836.80078,17277.94922,31037.10059,155.185503,NSEI
27-01-22,17062,17182.5,16866.75,17110.15039,31037.10059,155.185503,NSEI
28-01-22,17208.30078,17373.5,17077.09961,17101.94922,31037.10059,155.185503,NSEI
31-01-22,17301.05078,17410,17264.15039,17339.84961,31037.10059,155.185503,NSEI
01-02-22,17529.44922,17622.40039,17244.55078,17576.84961,31037.10059,155.185503,NSEI
02-02-22,17706.19922,17794.59961,17674.80078,17780,31037.10059,155.185503,NSEI
03-02-22,17767.75,17781.15039,17511.15039,17560.19922,31037.10059,155.185503,NSEI
04-02-22,17590.19922,17617.80078,17462.55078,17516.30078,31037.10059,155.185503,NSEI
07-02-22,17456.30078,17536.75,17119.40039,17213.59961,31037.10059,155.185503,NSEI
08-02-22,17279.84961,17306.44922,17043.65039,17266.75,31037.10059,155.185503,NSEI
09-02-22,17370.09961,17477.15039,17339,17463.80078,31037.10059,155.185503,NSEI
10-02-22,17554.09961,17639.44922,17427.15039,17605.84961,31037.10059,155.185503,NSEI
11-02-22,17451,17454.75,17303,17374.75,31037.10059,155.185503,NSEI
14-02-22,17076.15039,17099.5,16809.65039,16842.80078,31037.10059,155.185503,NSEI
15-02-22,16933.25,17375,16839.25,17352.44922,31037.10059,155.185503,NSEI
16-02-22,17408.44922,17490.59961,17257.69922,17322.19922,31037.10059,155.185503,NSEI
17-02-22,17396.55078,17442.90039,17235.84961,17304.59961,31037.10059,155.185503,NSEI
18-02-22,17236.05078,17380.80078,17219.19922,17276.30078,31037.10059,155.185503,NSEI
21-02-22,17192.25,17351.05078,17070.69922,17206.65039,31037.10059,155.185503,NSEI
22-02-22,16847.94922,17148.55078,16843.80078,17092.19922,31037.10059,155.185503,NSEI
23-02-22,17194.5,17220.69922,17027.84961,17063.25,31037.10059,155.185503,NSEI
24-02-22,16548.90039,16705.25,16203.25,16247.9502,31037.10059,155.185503,NSEI
25-02-22,16515.65039,16748.80078,16478.30078,16658.40039,31037.10059,155.185503,NSEI
28-02-22,16481.59961,16815.90039,16356.29981,16793.90039,31037.10059,155.185503,NSEI
02-03-22,16593.09961,16678.5,16478.65039,16605.94922,31037.10059,155.185503,NSEI
03-03-22,16723.19922,16768.94922,16442.94922,16498.05078,31037.10059,155.185503,NSEI
04-03-22,16339.4502,16456,16133.79981,16245.34961,31037.10059,155.185503,NSEI
07-03-22,15867.9502,15944.59961,15711.4502,15863.15039,31037.10059,155.185503,NSEI
08-03-22,15747.75,16028.75,15671.4502,16013.4502,31037.10059,155.185503,NSEI
09-03-22,16078,16418.05078,15990,16345.34961,31037.10059,155.185503,NSEI
10-03-22,16757.09961,16757.30078,16447.90039,16594.90039,31037.10059,155.185503,NSEI
11-03-22,16528.80078,16694.40039,16470.90039,16630.44922,31037.10059,155.185503,NSEI
14-03-22,16633.69922,16887.94922,16606.5,16871.30078,31037.10059,155.185503,NSEI
15-03-22,16900.65039,16927.75,16555,16663,31037.10059,155.185503,NSEI
16-03-22,16876.65039,16987.90039,16837.84961,16975.34961,31037.10059,155.185503,NSEI
17-03-22,17202.90039,17344.59961,17175.75,17287.05078,31037.10059,155.185503,NSEI
21-03-22,17329.5,17353.34961,17096.40039,17117.59961,31037.10059,155.185503,NSEI
22-03-22,17120.40039,17334.40039,17006.30078,17315.5,31037.10059,155.185503,NSEI
23-03-22,17405.05078,17442.40039,17199.59961,17245.65039,31037.10059,155.185503,NSEI
24-03-22,17094.94922,17291.75,17091.15039,17222.75,31037.10059,155.185503,NSEI
25-03-22,17289,17294.90039,17076.55078,17153,31037.10059,155.185503,NSEI
28-03-22,17181.84961,17235.09961,17003.90039,17222,31037.10059,155.185503,NSEI
29-03-22,17297.19922,17343.65039,17235.69922,17325.30078,31037.10059,155.185503,NSEI
30-03-22,17468.15039,17522.5,17387.19922,17498.25,31037.10059,155.185503,NSEI
31-03-22,17519.19922,17559.80078,17435.19922,17464.75,31037.10059,155.185503,NSEI
01-04-22,17436.90039,17703.69922,17422.69922,17670.44922,31037.10059,155.185503,NSEI
04-04-22,17809.09961,18114.65039,17791.40039,18053.40039,31037.10059,155.185503,NSEI
05-04-22,18080.59961,18095.44922,17921.55078,17957.40039,31037.10059,155.185503,NSEI
06-04-22,17842.75,17901,17779.84961,17807.65039,31037.10059,155.185503,NSEI
07-04-22,17723.30078,17787.5,17623.69922,17639.55078,31037.10059,155.185503,NSEI
08-04-22,17698.15039,17842.75,17600.55078,17784.34961,31037.10059,155.185503,NSEI
11-04-22,17740.90039,17779.05078,17650.94922,17674.94922,31037.10059,155.185503,NSEI
12-04-22,17584.84961,17595.30078,17442.34961,17530.30078,31037.10059,155.185503,NSEI
13-04-22,17599.90039,17663.65039,17457.40039,17475.65039,31037.10059,155.185503,NSEI
18-04-22,17183.44922,17237.75,17067.84961,17173.65039,31037.10059,155.185503,NSEI
19-04-22,17258.94922,17275.65039,16824.69922,16958.65039,31037.10059,155.185503,NSEI
20-04-22,17045.25,17186.90039,16978.94922,17136.55078,31037.10059,155.185503,NSEI
21-04-22,17234.59961,17414.69922,17215.5,17392.59961,31037.10059,155.185503,NSEI
22-04-22,17242.75,17315.30078,17149.19922,17171.94922,31037.10059,155.185503,NSEI
25-04-22,17009.05078,17054.30078,16888.69922,16953.94922,31037.10059,155.185503,NSEI
26-04-22,17121.30078,17223.84961,17064.44922,17200.80078,31037.10059,155.185503,NSEI
27-04-22,17073.34961,17110.69922,16958.44922,17038.40039,31037.10059,155.185503,NSEI
28-04-22,17189.5,17322.5,17071.05078,17245.05078,31037.10059,155.185503,NSEI
29-04-22,17329.25,17377.65039,17053.25,17102.55078,31037.10059,155.185503,NSEI
02-05-22,16924.44922,17092.25,16917.25,17069.09961,31037.10059,155.185503,NSEI
04-05-22,17096.59961,17132.84961,16623.94922,16677.59961,31037.10059,155.185503,NSEI
05-05-22,16854.75,16945.69922,16651.84961,16682.65039,31037.10059,155.185503,NSEI
06-05-22,16415.55078,16484.19922,16340.90039,16411.25,31037.10059,155.185503,NSEI
09-05-22,16227.7002,16403.69922,16142.09961,16301.84961,31037.10059,155.185503,NSEI
10-05-22,16248.90039,16404.55078,16197.29981,16240.04981,31037.10059,155.185503,NSEI
11-05-22,16270.04981,16318.75,15992.59961,16167.09961,31037.10059,155.185503,NSEI
12-05-22,16021.09961,16041.9502,15735.75,15808,31037.10059,155.185503,NSEI
13-05-22,15977,16083.59961,15740.84961,15782.15039,31037.10059,155.185503,NSEI
16-05-22,15845.09961,15977.9502,15739.65039,15842.29981,31037.10059,155.185503,NSEI
17-05-22,15912.59961,16284.25,15900.79981,16259.29981,31037.10059,155.185503,NSEI
18-05-22,16318.15039,16399.80078,16211.2002,16240.29981,31037.10059,155.185503,NSEI
19-05-22,15917.40039,15984.75,15775.2002,15809.40039,31037.10059,155.185503,NSEI
20-05-22,16043.79981,16283.04981,16003.84961,16266.15039,31037.10059,155.185503,NSEI
23-05-22,16290.9502,16414.69922,16185.75,16214.7002,31037.10059,155.185503,NSEI
24-05-22,16225.54981,16262.79981,16078.59961,16125.15039,31037.10059,155.185503,NSEI
25-05-22,16196.34961,16223.34961,16006.9502,16025.79981,31037.10059,155.185503,NSEI
26-05-22,16105,16204.4502,15903.7002,16170.15039,31037.10059,155.185503,NSEI
27-05-22,16296.59961,16370.59961,16221.9502,16352.4502,31037.10059,155.185503,NSEI
30-05-22,16527.90039,16695.5,16506.15039,16661.40039,31037.10059,155.185503,NSEI
31-05-22,16578.44922,16690.75,16521.90039,16584.55078,31037.10059,155.185503,NSEI
01-06-22,16594.40039,16649.19922,16438.84961,16522.75,31037.10059,155.185503,NSEI
02-06-22,16481.65039,16646.40039,16443.05078,16628,31037.10059,155.185503,NSEI
03-06-22,16761.65039,16793.84961,16567.90039,16584.30078,31037.10059,155.185503,NSEI
06-06-22,16530.69922,16610.94922,16444.55078,16569.55078,31037.10059,155.185503,NSEI
07-06-22,16469.59961,16487.25,16347.09961,16416.34961,31037.10059,155.185503,NSEI
08-06-22,16474.94922,16514.30078,16293.34961,16356.25,31037.10059,155.185503,NSEI
09-06-22,16263.84961,16492.80078,16243.84961,16478.09961,31037.10059,155.185503,NSEI
10-06-22,16283.9502,16324.7002,16172.59961,16201.79981,31037.10059,155.185503,NSEI
13-06-22,15877.54981,15886.15039,15684,15774.40039,31037.10059,155.185503,NSEI
14-06-22,15674.25,15858,15659.4502,15732.09961,31037.10059,155.185503,NSEI
15-06-22,15729.25,15783.65039,15678.90039,15692.15039,31037.10059,155.185503,NSEI
16-06-22,15832.25,15863.15039,15335.09961,15360.59961,31037.10059,155.185503,NSEI
17-06-22,15272.65039,15400.40039,15183.40039,15293.5,31037.10059,155.185503,NSEI
20-06-22,15334.5,15382.5,15191.09961,15350.15039,31037.10059,155.185503,NSEI
21-06-22,15455.9502,15707.25,15419.84961,15638.79981,31037.10059,155.185503,NSEI
22-06-22,15545.65039,15565.40039,15385.9502,15413.29981,31037.10059,155.185503,NSEI
23-06-22,15451.54981,15628.4502,15367.5,15556.65039,31037.10059,155.185503,NSEI
24-06-22,15657.40039,15749.25,15619.4502,15699.25,31037.10059,155.185503,NSEI
27-06-22,15926.2002,15927.4502,15815.5,15832.04981,31037.10059,155.185503,NSEI
28-06-22,15757.4502,15892.09961,15710.15039,15850.2002,31037.10059,155.185503,NSEI
29-06-22,15701.7002,15861.59961,15687.79981,15799.09961,31037.10059,155.185503,NSEI
30-06-22,15774.5,15890,15728.84961,15780.25,31037.10059,155.185503,NSEI
01-07-22,15703.7002,15793.9502,15511.04981,15752.04981,31037.10059,155.185503,NSEI
04-07-22,15710.5,15852.34961,15661.79981,15835.34961,31037.10059,155.185503,NSEI
05-07-22,15909.15039,16025.75,15785.4502,15810.84961,31037.10059,155.185503,NSEI
06-07-22,15818.2002,16011.34961,15800.90039,15989.79981,31037.10059,155.185503,NSEI
07-07-22,16113.75,16150.5,16045.9502,16132.90039,31037.10059,155.185503,NSEI
08-07-22,16273.65039,16275.5,16157.90039,16220.59961,31037.10059,155.185503,NSEI
11-07-22,16136.15039,16248.54981,16115.5,16216,31037.10059,155.185503,NSEI
12-07-22,16126.2002,16158.75,16031.15039,16058.29981,31037.10059,155.185503,NSEI
13-07-22,16128.2002,16140,15950.15039,15966.65039,31037.10059,155.185503,NSEI
14-07-22,16018.84961,16070.84961,15858.2002,15938.65039,31037.10059,155.185503,NSEI
15-07-22,16010.79981,16066.9502,15927.29981,16049.2002,31037.10059,155.185503,NSEI
18-07-22,16151.40039,16287.9502,16142.2002,16278.5,31037.10059,155.185503,NSEI
19-07-22,16187.04981,16359.5,16187.04981,16340.54981,31037.10059,155.185503,NSEI
20-07-22,16562.80078,16588,16490.94922,16520.84961,31037.10059,155.185503,NSEI
21-07-22,16523.55078,16626.94922,16483.90039,16605.25,31037.10059,155.185503,NSEI
22-07-22,16661.25,16752.25,16610.90039,16719.44922,31037.10059,155.185503,NSEI
25-07-22,16662.55078,16706.05078,16564.25,16631,31037.10059,155.185503,NSEI
26-07-22,16632.90039,16636.09961,16463.30078,16483.84961,31037.10059,155.185503,NSEI
27-07-22,16475.34961,16653.44922,16438.75,16641.80078,31037.10059,155.185503,NSEI
28-07-22,16774.84961,16947.65039,16746.25,16929.59961,31037.10059,155.185503,NSEI
29-07-22,17079.5,17172.80078,17018.15039,17158.25,31037.10059,155.185503,NSEI
01-08-22,17243.19922,17356.25,17154.80078,17340.05078,31037.10059,155.185503,NSEI
02-08-22,17310.15039,17390.15039,17215.84961,17345.44922,31037.10059,155.185503,NSEI
03-08-22,17349.25,17407.5,17225.84961,17388.15039,31037.10059,155.185503,NSEI
04-08-22,17463.09961,17490.69922,17161.25,17382,31037.10059,155.185503,NSEI
05-08-22,17423.65039,17474.40039,17348.75,17397.5,31037.10059,155.185503,NSEI
08-08-22,17401.5,17548.80078,17359.75,17525.09961,31037.10059,155.185503,NSEI
10-08-22,17566.09961,17566.09961,17442.80078,17534.75,31037.10059,155.185503,NSEI
11-08-22,17711.65039,17719.30078,17631.94922,17659,31037.10059,155.185503,NSEI
12-08-22,17659.65039,17724.65039,17597.84961,17698.15039,31037.10059,155.185503,NSEI
16-08-22,17797.19922,17839.09961,17764.05078,17825.25,31037.10059,155.185503,NSEI
17-08-22,17868.15039,17965.94922,17833.34961,17944.25,31037.10059,155.185503,NSEI
18-08-22,17898.65039,17968.44922,17852.05078,17956.5,31037.10059,155.185503,NSEI
19-08-22,17966.55078,17992.19922,17710.75,17758.44922,31037.10059,155.185503,NSEI
22-08-22,17682.90039,17690.05078,17467.34961,17490.69922,31037.10059,155.185503,NSEI
23-08-22,17357.34961,17625.55078,17345.19922,17577.5,31037.10059,155.185503,NSEI
24-08-22,17525.44922,17623.65039,17499.25,17604.94922,31037.10059,155.185503,NSEI
25-08-22,17679,17726.5,17487.44922,17522.44922,31037.10059,155.185503,NSEI
26-08-22,17619.30078,17685.84961,17519.34961,17558.90039,31037.10059,155.185503,NSEI
29-08-22,17188.65039,17380.15039,17166.19922,17312.90039,31037.10059,155.185503,NSEI
30-08-22,17414.94922,17777.65039,17401.5,17759.30078,31037.10059,155.185503,NSEI
01-09-22,17485.69922,17695.59961,17468.44922,17542.80078,31037.10059,155.185503,NSEI
02-09-22,17598.40039,17643.84961,17476.44922,17539.44922,31037.10059,155.185503,NSEI
05-09-22,17546.44922,17683.15039,17540.34961,17665.80078,31037.10059,155.185503,NSEI
06-09-22,17695.69922,17764.65039,17587.65039,17655.59961,31037.10059,155.185503,NSEI
07-09-22,17519.40039,17650.75,17484.30078,17624.40039,31037.10059,155.185503,NSEI
08-09-22,17748.15039,17807.65039,17691.94922,17798.75,31037.10059,155.185503,NSEI
09-09-22,17923.34961,17925.94922,17786,17833.34961,31037.10059,155.185503,NSEI
12-09-22,17890.84961,17980.55078,17889.15039,17936.34961,31037.10059,155.185503,NSEI
13-09-22,18044.44922,18088.30078,18015.44922,18070.05078,31037.10059,155.185503,NSEI
14-09-22,17771.15039,18091.55078,17771.15039,18003.75,31037.10059,155.185503,NSEI
15-09-22,18046.34961,18096.15039,17861.5,17877.40039,31037.10059,155.185503,NSEI
16-09-22,17796.80078,17820.05078,17497.25,17530.84961,31037.10059,155.185503,NSEI
19-09-22,17540.65039,17667.19922,17429.69922,17622.25,31037.10059,155.185503,NSEI
20-09-22,17770.40039,17919.30078,17744.40039,17816.25,31037.10059,155.185503,NSEI
21-09-22,17766.34961,17838.69922,17663.59961,17718.34961,31037.10059,155.185503,NSEI
22-09-22,17609.65039,17722.75,17532.44922,17629.80078,31037.10059,155.185503,NSEI
23-09-22,17593.84961,17642.15039,17291.65039,17327.34961,31037.10059,155.185503,NSEI
26-09-22,17156.30078,17196.40039,16978.30078,17016.30078,31037.10059,155.185503,NSEI
27-09-22,17110.90039,17176.44922,16942.34961,17007.40039,31037.10059,155.185503,NSEI
28-09-22,16870.55078,17037.59961,16820.40039,16858.59961,31037.10059,155.185503,NSEI
29-09-22,16993.59961,17026.05078,16788.59961,16818.09961,31037.10059,155.185503,NSEI
30-09-22,16798.05078,17187.09961,16747.69922,17094.34961,31037.10059,155.185503,NSEI
03-10-22,17102.09961,17114.65039,16855.55078,16887.34961,31037.10059,155.185503,NSEI
04-10-22,17147.44922,17287.30078,17117.30078,17274.30078,31037.10059,155.185503,NSEI
06-10-22,17379.25,17428.80078,17315.65039,17331.80078,31037.10059,155.185503,NSEI
07-10-22,17287.19922,17337.34961,17216.94922,17314.65039,31037.10059,155.185503,NSEI
10-10-22,17094.34961,17280.15039,17064.69922,17241,31037.10059,155.185503,NSEI
11-10-22,17256.05078,17261.80078,16950.30078,16983.55078,31037.10059,155.185503,NSEI
12-10-22,17025.55078,17142.34961,16960.05078,17123.59961,31037.10059,155.185503,NSEI
13-10-22,17087.34961,17112.34961,16956.94922,17014.34961,31037.10059,155.185503,NSEI
14-10-22,17322.30078,17348.55078,17169.75,17185.69922,31037.10059,155.185503,NSEI
17-10-22,17144.80078,17328.55078,17098.55078,17311.80078,31037.10059,155.185503,NSEI
18-10-22,17438.75,17527.80078,17434.05078,17486.94922,31037.10059,155.185503,NSEI
19-10-22,17568.15039,17607.59961,17472.84961,17512.25,31037.10059,155.185503,NSEI
20-10-22,17423.09961,17584.15039,17421,17563.94922,31037.10059,155.185503,NSEI
21-10-22,17622.84961,17670.15039,17520.75,17576.30078,31037.10059,155.185503,NSEI
24-10-22,17736.34961,17777.55078,17707.40039,17730.75,31037.10059,155.185503,NSEI
25-10-22,17808.30078,17811.5,17637,17656.34961,31037.10059,155.185503,NSEI
27-10-22,17771.40039,17783.90039,17654.5,17736.94922,31037.10059,155.185503,NSEI
28-10-22,17756.40039,17838.90039,17723.69922,17786.80078,31037.10059,155.185503,NSEI
31-10-22,17910.19922,18022.80078,17899.90039,18012.19922,31037.10059,155.185503,NSEI
01-11-22,18130.69922,18175.80078,18060.15039,18145.40039,31037.10059,155.185503,NSEI
02-11-22,18177.90039,18178.75,18048.65039,18082.84961,31037.10059,155.185503,NSEI
03-11-22,17968.34961,18106.30078,17959.19922,18052.69922,31037.10059,155.185503,NSEI
04-11-22,18053.40039,18135.09961,18017.15039,18117.15039,31037.10059,155.185503,NSEI
07-11-22,18211.75,18255.5,18064.75,18202.80078,31037.10059,155.185503,NSEI
09-11-22,18288.25,18296.40039,18117.5,18157,31037.10059,155.185503,NSEI
10-11-22,18044.34961,18103.09961,17969.40039,18028.19922,31037.10059,155.185503,NSEI
11-11-22,18272.34961,18362.30078,18259.34961,18349.69922,31037.10059,155.185503,NSEI
14-11-22,18376.40039,18399.44922,18311.40039,18329.15039,31037.10059,155.185503,NSEI
15-11-22,18362.75,18427.94922,18282,18403.40039,31037.10059,155.185503,NSEI
16-11-22,18398.25,18442.15039,18344.15039,18409.65039,31037.10059,155.185503,NSEI
17-11-22,18358.69922,18417.59961,18312.94922,18343.90039,31037.10059,155.185503,NSEI
18-11-22,18382.94922,18394.59961,18209.80078,18307.65039,31037.10059,155.185503,NSEI
21-11-22,18246.40039,18262.30078,18133.34961,18159.94922,31037.10059,155.185503,NSEI
22-11-22,18179.15039,18261.84961,18137.69922,18244.19922,31037.10059,155.185503,NSEI
23-11-22,18325.19922,18325.40039,18246,18267.25,31037.10059,155.185503,NSEI
24-11-22,18326.09961,18529.69922,18294.25,18484.09961,31037.10059,155.185503,NSEI
25-11-22,18528.44922,18534.90039,18445.09961,18512.75,31037.10059,155.185503,NSEI
28-11-22,18430.55078,18614.25,18365.59961,18562.75,31037.10059,155.185503,NSEI
29-11-22,18552.44922,18678.09961,18552.15039,18618.05078,31037.10059,155.185503,NSEI
30-11-22,18625.69922,18816.05078,18616.55078,18758.34961,31037.10059,155.185503,NSEI
01-12-22,18871.94922,18887.59961,18778.19922,18812.5,31037.10059,155.185503,NSEI
02-12-22,18752.40039,18781.94922,18639.19922,18696.09961,31037.10059,155.185503,NSEI
05-12-22,18719.55078,18728.59961,18591.34961,18701.05078,31037.10059,155.185503,NSEI
06-12-22,18600.65039,18654.90039,18577.90039,18642.75,31037.10059,155.185503,NSEI
07-12-22,18638.84961,18668.30078,18528.40039,18560.5,31037.10059,155.185503,NSEI
08-12-22,18570.84961,18625,18536.94922,18609.34961,31037.10059,155.185503,NSEI
09-12-22,18662.40039,18664.69922,18410.09961,18496.59961,31037.10059,155.185503,NSEI
12-12-22,18402.15039,18521.55078,18345.69922,18497.15039,31037.10059,155.185503,NSEI
13-12-22,18524.40039,18617.25,18490.19922,18608,31037.10059,155.185503,NSEI
14-12-22,18671.25,18696.09961,18632.90039,18660.30078,31037.10059,155.185503,NSEI
15-12-22,18614.40039,18652.90039,18387.69922,18414.90039,31037.10059,155.185503,NSEI
16-12-22,18319.09961,18440.94922,18255.15039,18269,31037.10059,155.185503,NSEI
19-12-22,18288.09961,18431.65039,18244.55078,18420.44922,31037.10059,155.185503,NSEI
20-12-22,18340.30078,18404.90039,18202.65039,18385.30078,31037.10059,155.185503,NSEI
21-12-22,18435.15039,18473.34961,18162.75,18199.09961,31037.10059,155.185503,NSEI
22-12-22,18288.80078,18318.75,18068.59961,18127.34961,31037.10059,155.185503,NSEI
23-12-22,17977.65039,18050.44922,17779.5,17806.80078,31037.10059,155.185503,NSEI
26-12-22,17830.40039,18084.09961,17774.25,18014.59961,31037.10059,155.185503,NSEI
27-12-22,18089.80078,18149.25,17967.44922,18132.30078,31037.10059,155.185503,NSEI
28-12-22,18084.75,18173.09961,18068.34961,18122.5,31037.10059,155.185503,NSEI
29-12-22,18045.69922,18229.69922,17992.80078,18191,31037.10059,155.185503,NSEI
30-12-22,18259.09961,18265.25,18080.30078,18105.30078,31037.10059,155.185503,NSEI
02-01-23,18131.69922,18215.15039,18086.5,18197.44922,31037.10059,155.185503,NSEI
03-01-23,18163.19922,18251.94922,18149.80078,18232.55078,31037.10059,155.185503,NSEI
04-01-23,18230.65039,18243,18020.59961,18042.94922,31037.10059,155.185503,NSEI
05-01-23,18101.94922,18120.30078,17892.59961,17992.15039,31037.10059,155.185503,NSEI
06-01-23,18008.05078,18047.40039,17795.55078,17859.44922,31037.10059,155.185503,NSEI
09-01-23,17952.55078,18141.40039,17936.15039,18101.19922,31037.10059,155.185503,NSEI
10-01-23,18121.30078,18127.59961,17856,17914.15039,31037.10059,155.185503,NSEI
11-01-23,17924.25,17976.34961,17824.34961,17895.69922,31037.10059,155.185503,NSEI
12-01-23,17920.84961,17945.80078,17761.65039,17858.19922,31037.10059,155.185503,NSEI
13-01-23,17867.5,17999.34961,17774.25,17956.59961,31037.10059,155.185503,NSEI
16-01-23,18033.15039,18049.65039,17853.65039,17894.84961,31037.10059,155.185503,NSEI
17-01-23,17922.80078,18072.05078,17886.94922,18053.30078,31037.10059,155.185503,NSEI
18-01-23,18074.30078,18183.75,18032.44922,18165.34961,31037.10059,155.185503,NSEI
19-01-23,18119.80078,18155.19922,18063.75,18107.84961,31037.10059,155.185503,NSEI
20-01-23,18115.59961,18145.44922,18016.19922,18027.65039,31037.10059,155.185503,NSEI
23-01-23,18118.44922,18162.59961,18063.44922,18118.55078,31037.10059,155.185503,NSEI
24-01-23,18183.94922,18201.25,18078.65039,18118.30078,31037.10059,155.185503,NSEI
25-01-23,18093.34961,18100.59961,17846.15039,17891.94922,31037.10059,155.185503,NSEI
27-01-23,17877.19922,17884.75,17493.55078,17604.34961,31037.10059,155.185503,NSEI
30-01-23,17541.94922,17709.15039,17405.55078,17648.94922,31037.10059,155.185503,NSEI
31-01-23,17731.44922,17735.69922,17537.55078,17662.15039,31037.10059,155.185503,NSEI
01-02-23,17811.59961,17972.19922,17353.40039,17616.30078,31037.10059,155.185503,NSEI
02-02-23,17517.09961,17653.90039,17445.94922,17610.40039,31037.10059,155.185503,NSEI
03-02-23,17721.75,17870.30078,17584.19922,17854.05078,31037.10059,155.185503,NSEI
06-02-23,17818.55078,17823.69922,17698.34961,17764.59961,31037.10059,155.185503,NSEI
07-02-23,17790.09961,17811.15039,17652.55078,17721.5,31037.10059,155.185503,NSEI
08-02-23,17750.30078,17898.69922,17744.15039,17871.69922,31037.10059,155.185503,NSEI
09-02-23,17885.5,17916.90039,17779.80078,17893.44922,31037.10059,155.185503,NSEI
10-02-23,17847.55078,17876.94922,17801,17856.5,31037.10059,155.185503,NSEI
13-02-23,17859.09961,17880.69922,17719.75,17770.90039,31037.10059,155.185503,NSEI
14-02-23,17840.34961,17954.55078,17800.05078,17929.84961,31037.10059,155.185503,NSEI
15-02-23,17896.59961,18034.09961,17853.80078,18015.84961,31037.10059,155.185503,NSEI
16-02-23,18094.75,18134.75,18000.65039,18035.84961,31037.10059,155.185503,NSEI
17-02-23,17974.84961,18034.25,17884.59961,17944.19922,31037.10059,155.185503,NSEI
20-02-23,17965.55078,18004.34961,17818.40039,17844.59961,31037.10059,155.185503,NSEI
21-02-23,17905.80078,17924.90039,17800.30078,17826.69922,31037.10059,155.185503,NSEI
22-02-23,17755.34961,17772.5,17529.44922,17554.30078,31037.10059,155.185503,NSEI
23-02-23,17574.65039,17620.05078,17455.40039,17511.25,31037.10059,155.185503,NSEI
24-02-23,17591.34961,17599.75,17421.80078,17465.80078,31037.10059,155.185503,NSEI
27-02-23,17428.59961,17451.59961,17299,17392.69922,31037.10059,155.185503,NSEI
28-02-23,17383.25,17440.44922,17255.19922,17303.94922,31037.10059,155.185503,NSEI
01-03-23,17360.09961,17467.75,17345.25,17450.90039,31037.10059,155.185503,NSEI
02-03-23,17421.5,17445.80078,17306,17321.90039,31037.10059,155.185503,NSEI
03-03-23,17451.25,17644.75,17427.69922,17594.34961,31037.10059,155.185503,NSEI
06-03-23,17680.34961,17799.94922,17671.94922,17711.44922,31037.10059,155.185503,NSEI
08-03-23,17665.75,17766.5,17602.25,17754.40039,31037.10059,155.185503,NSEI
09-03-23,17772.05078,17772.34961,17573.59961,17589.59961,31037.10059,155.185503,NSEI
10-03-23,17443.80078,17451.5,17324.34961,17412.90039,31037.10059,155.185503,NSEI
13-03-23,17421.90039,17529.90039,17113.44922,17154.30078,31037.10059,155.185503,NSEI
14-03-23,17160.55078,17224.65039,16987.09961,17043.30078,31037.10059,155.185503,NSEI
15-03-23,17166.44922,17211.34961,16938.90039,16972.15039,31037.10059,155.185503,NSEI
16-03-23,16994.65039,17062.44922,16850.15039,16985.59961,31037.10059,155.185503,NSEI
17-03-23,17111.80078,17145.80078,16958.15039,17100.05078,31037.10059,155.185503,NSEI
20-03-23,17066.59961,17066.59961,16828.34961,16988.40039,31037.10059,155.185503,NSEI
21-03-23,17060.40039,17127.69922,17016,17107.5,31037.10059,155.185503,NSEI
22-03-23,17177.44922,17207.25,17107.84961,17151.90039,31037.10059,155.185503,NSEI
23-03-23,17097.40039,17205.40039,17045.30078,17076.90039,31037.10059,155.185503,NSEI
24-03-23,17076.19922,17109.44922,16917.34961,16945.05078,31037.10059,155.185503,NSEI
27-03-23,16984.30078,17091,16918.55078,16985.69922,31037.10059,155.185503,NSEI
28-03-23,17031.75,17061.75,16913.75,16951.69922,31037.10059,155.185503,NSEI
29-03-23,16977.30078,17126.15039,16940.59961,17080.69922,31037.10059,155.185503,NSEI
31-03-23,17210.34961,17381.59961,17204.65039,17359.75,31037.10059,155.185503,NSEI
03-04-23,17427.94922,17428.05078,17312.75,17398.05078,31037.10059,155.185503,NSEI
05-04-23,17422.30078,17570.55078,17402.69922,17557.05078,31037.10059,155.185503,NSEI
06-04-23,17533.84961,17638.69922,17502.84961,17599.15039,31037.10059,155.185503,NSEI
10-04-23,17634.90039,17694.09961,17597.94922,17624.05078,31037.10059,155.185503,NSEI
11-04-23,17704.80078,17748.75,17655.15039,17722.30078,31037.10059,155.185503,NSEI
12-04-23,17759.55078,17825.75,17717.25,17812.40039,31037.10059,155.185503,NSEI
13-04-23,17807.30078,17842.15039,17729.65039,17828,31037.10059,155.185503,NSEI
17-04-23,17863,17863,17574.05078,17706.84961,31037.10059,155.185503,NSEI
18-04-23,17766.59961,17766.59961,17610.19922,17660.15039,31037.10059,155.185503,NSEI
19-04-23,17653.34961,17666.15039,17579.84961,17618.75,31037.10059,155.185503,NSEI
20-04-23,17638.59961,17684.44922,17584.34961,17624.44922,31037.10059,155.185503,NSEI
21-04-23,17639.75,17663.19922,17553.94922,17624.05078,31037.10059,155.185503,NSEI
24-04-23,17707.55078,17754.5,17612.5,17743.40039,31037.10059,155.185503,NSEI
25-04-23,17761.55078,17807.44922,17716.84961,17769.25,31037.10059,155.185503,NSEI
26-04-23,17767.30078,17827.75,17711.19922,17813.59961,31037.10059,155.185503,NSEI
27-04-23,17813.09961,17931.59961,17797.90039,17915.05078,31037.10059,155.185503,NSEI
28-04-23,17950.40039,18089.15039,17885.30078,18065,31037.10059,155.185503,NSEI
02-05-23,18124.80078,18180.25,18101.75,18147.65039,31037.10059,155.185503,NSEI
03-05-23,18113.80078,18116.34961,18042.40039,18089.84961,31037.10059,155.185503,NSEI
04-05-23,18081,18267.44922,18066.69922,18255.80078,31037.10059,155.185503,NSEI
05-05-23,18117.30078,18216.94922,18055.44922,18069,31037.10059,155.185503,NSEI
08-05-23,18120.59961,18286.94922,18100.30078,18264.40039,31037.10059,155.185503,NSEI
09-05-23,18303.40039,18344.19922,18229.65039,18265.94922,31037.10059,155.185503,NSEI
10-05-23,18313.59961,18326.75,18211.94922,18315.09961,31037.10059,155.185503,NSEI
11-05-23,18357.80078,18389.69922,18270.40039,18297,31037.10059,155.185503,NSEI
12-05-23,18273.75,18342.75,18194.55078,18314.80078,31037.10059,155.185503,NSEI
15-05-23,18339.30078,18458.90039,18287.90039,18398.84961,31037.10059,155.185503,NSEI
16-05-23,18432.34961,18432.34961,18264.34961,18286.5,31037.10059,155.185503,NSEI
17-05-23,18300.44922,18309,18115.34961,18181.75,31037.10059,155.185503,NSEI
18-05-23,18287.5,18297.19922,18104.84961,18129.94922,31037.10059,155.185503,NSEI
19-05-23,18186.15039,18218.09961,18060.40039,18203.40039,31037.10059,155.185503,NSEI
22-05-23,18201.09961,18335.25,18178.84961,18314.40039,31037.10059,155.185503,NSEI
23-05-23,18362.90039,18419.75,18324.19922,18348,31037.10059,155.185503,NSEI
24-05-23,18294.80078,18392.59961,18262.94922,18285.40039,31037.10059,155.185503,NSEI
25-05-23,18268.90039,18338.09961,18202.40039,18321.15039,31037.10059,155.185503,NSEI
26-05-23,18368.34961,18508.55078,18333.15039,18499.34961,31037.10059,155.185503,NSEI
29-05-23,18619.15039,18641.19922,18581.25,18598.65039,31037.10059,155.185503,NSEI
30-05-23,18606.65039,18662.44922,18575.5,18633.84961,31037.10059,155.185503,NSEI
31-05-23,18594.19922,18603.90039,18483.84961,18534.40039,31037.10059,155.185503,NSEI
01-06-23,18579.40039,18580.30078,18464.55078,18487.75,31037.10059,155.185503,NSEI
02-06-23,18550.84961,18573.69922,18478.40039,18534.09961,31037.10059,155.185503,NSEI
05-06-23,18612,18640.15039,18582.80078,18593.84961,31037.10059,155.185503,NSEI
06-06-23,18600.80078,18622.75,18531.59961,18599,31037.10059,155.185503,NSEI
07-06-23,18665.59961,18738.94922,18636,18726.40039,31037.10059,155.185503,NSEI
08-06-23,18725.34961,18777.90039,18615.59961,18634.55078,31037.10059,155.185503,NSEI
09-06-23,18655.90039,18676.65039,18555.40039,18563.40039,31037.10059,155.185503,NSEI
12-06-23,18595.05078,18633.59961,18559.75,18601.5,31037.10059,155.185503,NSEI
13-06-23,18631.80078,18728.90039,18631.80078,18716.15039,31037.10059,155.185503,NSEI
14-06-23,18744.59961,18769.69922,18690,18755.90039,31037.10059,155.185503,NSEI
15-06-23,18774.44922,18794.09961,18669.05078,18688.09961,31037.10059,155.185503,NSEI
16-06-23,18723.30078,18864.69922,18710.5,18826,31037.10059,155.185503,NSEI
19-06-23,18873.30078,18881.44922,18719.15039,18755.44922,31037.10059,155.185503,NSEI
20-06-23,18752.34961,18839.69922,18660.65039,18816.69922,31037.10059,155.185503,NSEI
21-06-23,18849.40039,18875.90039,18794.84961,18856.84961,31037.10059,155.185503,NSEI
