Date,Open,High,Low,Close,Ticker,,
2022-06-22,15545.65039,15565.40039,15385.9502,15413.29981,NSEI,,
2022-06-23,15451.54981,15628.4502,15367.5,15556.65039,NSEI,,
2022-06-24,15657.40039,15749.25,15619.4502,15699.25,NSEI,,
2022-06-27,15926.2002,15927.4502,15815.5,15832.04981,NSEI,,
2022-06-28,15757.4502,15892.09961,15710.15039,15850.2002,NSEI,,
2022-06-29,15701.7002,15861.59961,15687.79981,15799.09961,NSEI,,
2022-06-30,15774.5,15890,15728.84961,15780.25,NSEI,,
2022-07-01,15703.7002,15793.9502,15511.04981,15752.04981,NSEI,,
2022-07-04,15710.5,15852.34961,15661.79981,15835.34961,NSEI,,
2022-07-05,15909.15039,16025.75,15785.4502,15810.84961,NSEI,,
2022-07-06,15818.2002,16011.34961,15800.90039,15989.79981,NSEI,,
2022-07-07,16113.75,16150.5,16045.9502,16132.90039,NSEI,,
2022-07-08,16273.65039,16275.5,16157.90039,16220.59961,NSEI,,
2022-07-11,16136.15039,16248.54981,16115.5,16216,NSEI,,
2022-07-12,16126.2002,16158.75,16031.15039,16058.29981,NSEI,,
2022-07-13,16128.2002,16140,15950.15039,15966.65039,NSEI,,
2022-07-14,16018.84961,16070.84961,15858.2002,15938.65039,NSEI,,
2022-07-15,16010.79981,16066.9502,15927.29981,16049.2002,NSEI,,
2022-07-18,16151.40039,16287.9502,16142.2002,16278.5,NSEI,,
2022-07-19,16187.04981,16359.5,16187.04981,16340.54981,NSEI,,
2022-07-20,16562.80078,16588,16490.94922,16520.84961,NSEI,,
2022-07-21,16523.55078,16626.94922,16483.90039,16605.25,NSEI,,
2022-07-22,16661.25,16752.25,16610.90039,16719.44922,NSEI,,
2022-07-25,16662.55078,16706.05078,16564.25,16631,NSEI,,
2022-07-26,16632.90039,16636.09961,16463.30078,16483.84961,NSEI,,
2022-07-27,16475.34961,16653.44922,16438.75,16641.80078,NSEI,,
2022-07-28,16774.84961,16947.65039,16746.25,16929.59961,NSEI,,
2022-07-29,17079.5,17172.80078,17018.15039,17158.25,NSEI,,
2022-08-01,17243.19922,17356.25,17154.80078,17340.05078,NSEI,,
2022-08-02,17310.15039,17390.15039,17215.84961,17345.44922,NSEI,,
2022-08-03,17349.25,17407.5,17225.84961,17388.15039,NSEI,,
2022-08-04,17463.09961,17490.69922,17161.25,17382,NSEI,,
2022-08-05,17423.65039,17474.40039,17348.75,17397.5,NSEI,,
2022-08-08,17401.5,17548.80078,17359.75,17525.09961,NSEI,,
2022-08-10,17566.09961,17566.09961,17442.80078,17534.75,NSEI,,
2022-08-11,17711.65039,17719.30078,17631.94922,17659,NSEI,,
2022-08-12,17659.65039,17724.65039,17597.84961,17698.15039,NSEI,,
2022-08-16,17797.19922,17839.09961,17764.05078,17825.25,NSEI,,
2022-08-17,17868.15039,17965.94922,17833.34961,17944.25,NSEI,,
2022-08-18,17898.65039,17968.44922,17852.05078,17956.5,NSEI,,
2022-08-19,17966.55078,17992.19922,17710.75,17758.44922,NSEI,,
2022-08-22,17682.90039,17690.05078,17467.34961,17490.69922,NSEI,,
2022-08-23,17357.34961,17625.55078,17345.19922,17577.5,NSEI,,
2022-08-24,17525.44922,17623.65039,17499.25,17604.94922,NSEI,,
2022-08-25,17679,17726.5,17487.44922,17522.44922,NSEI,,
2022-08-26,17619.30078,17685.84961,17519.34961,17558.90039,NSEI,,
2022-08-29,17188.65039,17380.15039,17166.19922,17312.90039,NSEI,,
2022-08-30,17414.94922,17777.65039,17401.5,17759.30078,NSEI,,
2022-09-01,17485.69922,17695.59961,17468.44922,17542.80078,NSEI,,
2022-09-02,17598.40039,17643.84961,17476.44922,17539.44922,NSEI,,
2022-09-05,17546.44922,17683.15039,17540.34961,17665.80078,NSEI,,
2022-09-06,17695.69922,17764.65039,17587.65039,17655.59961,NSEI,,
2022-09-07,17519.40039,17650.75,17484.30078,17624.40039,NSEI,,
2022-09-08,17748.15039,17807.65039,17691.94922,17798.75,NSEI,,
2022-09-09,17923.34961,17925.94922,17786,17833.34961,NSEI,,
2022-09-12,17890.84961,17980.55078,17889.15039,17936.34961,NSEI,,
2022-09-13,18044.44922,18088.30078,18015.44922,18070.05078,NSEI,,
2022-09-14,17771.15039,18091.55078,17771.15039,18003.75,NSEI,,
2022-09-15,18046.34961,18096.15039,17861.5,17877.40039,NSEI,,
2022-09-16,17796.80078,17820.05078,17497.25,17530.84961,NSEI,,
2022-09-19,17540.65039,17667.19922,17429.69922,17622.25,NSEI,,
2022-09-20,17770.40039,17919.30078,17744.40039,17816.25,NSEI,,
2022-09-21,17766.34961,17838.69922,17663.59961,17718.34961,NSEI,,
2022-09-22,17609.65039,17722.75,17532.44922,17629.80078,NSEI,,
2022-09-23,17593.84961,17642.15039,17291.65039,17327.34961,NSEI,,
2022-09-26,17156.30078,17196.40039,16978.30078,17016.30078,NSEI,,
2022-09-27,17110.90039,17176.44922,16942.34961,17007.40039,NSEI,,
2022-09-28,16870.55078,17037.59961,16820.40039,16858.59961,NSEI,,
2022-09-29,16993.59961,17026.05078,16788.59961,16818.09961,NSEI,,
2022-09-30,16798.05078,17187.09961,16747.69922,17094.34961,NSEI,,
2022-10-03,17102.09961,17114.65039,16855.55078,16887.34961,NSEI,,
2022-10-04,17147.44922,17287.30078,17117.30078,17274.30078,NSEI,,
2022-10-06,17379.25,17428.80078,17315.65039,17331.80078,NSEI,,
2022-10-07,17287.19922,17337.34961,17216.94922,17314.65039,NSEI,,
2022-10-10,17094.34961,17280.15039,17064.69922,17241,NSEI,,
2022-10-11,17256.05078,17261.80078,16950.30078,16983.55078,NSEI,,
2022-10-12,17025.55078,17142.34961,16960.05078,17123.59961,NSEI,,
2022-10-13,17087.34961,17112.34961,16956.94922,17014.34961,NSEI,,
2022-10-14,17322.30078,17348.55078,17169.75,17185.69922,NSEI,,
2022-10-17,17144.80078,17328.55078,17098.55078,17311.80078,NSEI,,
2022-10-18,17438.75,17527.80078,17434.05078,17486.94922,NSEI,,
2022-10-19,17568.15039,17607.59961,17472.84961,17512.25,NSEI,,
2022-10-20,17423.09961,17584.15039,17421,17563.94922,NSEI,,
2022-10-21,17622.84961,17670.15039,17520.75,17576.30078,NSEI,,
2022-10-24,17736.34961,17777.55078,17707.40039,17730.75,NSEI,,
2022-10-25,17808.30078,17811.5,17637,17656.34961,NSEI,,
2022-10-27,17771.40039,17783.90039,17654.5,17736.94922,NSEI,,
2022-10-28,17756.40039,17838.90039,17723.69922,17786.80078,NSEI,,
2022-10-31,17910.19922,18022.80078,17899.90039,18012.19922,NSEI,,
2022-11-01,18130.69922,18175.80078,18060.15039,18145.40039,NSEI,,
2022-11-02,18177.90039,18178.75,18048.65039,18082.84961,NSEI,,
2022-11-03,17968.34961,18106.30078,17959.19922,18052.69922,NSEI,,
2022-11-04,18053.40039,18135.09961,18017.15039,18117.15039,NSEI,,
2022-11-07,18211.75,18255.5,18064.75,18202.80078,NSEI,,
2022-11-09,18288.25,18296.40039,18117.5,18157,NSEI,,
2022-11-10,18044.34961,18103.09961,17969.40039,18028.19922,NSEI,,
2022-11-11,18272.34961,18362.30078,18259.34961,18349.69922,NSEI,,
2022-11-14,18376.40039,18399.44922,18311.40039,18329.15039,NSEI,,
2022-11-15,18362.75,18427.94922,18282,18403.40039,NSEI,,
2022-11-16,18398.25,18442.15039,18344.15039,18409.65039,NSEI,,
2022-11-17,18358.69922,18417.59961,18312.94922,18343.90039,NSEI,,
2022-11-18,18382.94922,18394.59961,18209.80078,18307.65039,NSEI,,
2022-11-21,18246.40039,18262.30078,18133.34961,18159.94922,NSEI,,
2022-11-22,18179.15039,18261.84961,18137.69922,18244.19922,NSEI,,
2022-11-23,18325.19922,18325.40039,18246,18267.25,NSEI,,
2022-11-24,18326.09961,18529.69922,18294.25,18484.09961,NSEI,,
2022-11-25,18528.44922,18534.90039,18445.09961,18512.75,NSEI,,
2022-11-28,18430.55078,18614.25,18365.59961,18562.75,NSEI,,
2022-11-29,18552.44922,18678.09961,18552.15039,18618.05078,NSEI,,
2022-11-30,18625.69922,18816.05078,18616.55078,18758.34961,NSEI,,
2022-12-01,18871.94922,18887.59961,18778.19922,18812.5,NSEI,,
2022-12-02,18752.40039,18781.94922,18639.19922,18696.09961,NSEI,,
2022-12-05,18719.55078,18728.59961,18591.34961,18701.05078,NSEI,,
2022-12-06,18600.65039,18654.90039,18577.90039,18642.75,NSEI,,
2022-12-07,18638.84961,18668.30078,18528.40039,18560.5,NSEI,,
2022-12-08,18570.84961,18625,18536.94922,18609.34961,NSEI,,
2022-12-09,18662.40039,18664.69922,18410.09961,18496.59961,NSEI,,
2022-12-12,18402.15039,18521.55078,18345.69922,18497.15039,NSEI,,
2022-12-13,18524.40039,18617.25,18490.19922,18608,NSEI,,
2022-12-14,18671.25,18696.09961,18632.90039,18660.30078,NSEI,,
2022-12-15,18614.40039,18652.90039,18387.69922,18414.90039,NSEI,,
2022-12-16,18319.09961,18440.94922,18255.15039,18269,NSEI,,
2022-12-19,18288.09961,18431.65039,18244.55078,18420.44922,NSEI,,
2022-12-20,18340.30078,18404.90039,18202.65039,18385.30078,NSEI,,
2022-12-21,18435.15039,18473.34961,18162.75,18199.09961,NSEI,,
2022-12-22,18288.80078,18318.75,18068.59961,18127.34961,NSEI,,
2022-12-23,17977.65039,18050.44922,17779.5,17806.80078,NSEI,,
2022-12-26,17830.40039,18084.09961,17774.25,18014.59961,NSEI,,
2022-12-27,18089.80078,18149.25,17967.44922,18132.30078,NSEI,,
2022-12-28,18084.75,18173.09961,18068.34961,18122.5,NSEI,,
2022-12-29,18045.69922,18229.69922,17992.80078,18191,NSEI,,
2022-12-30,18259.09961,18265.25,18080.30078,18105.30078,NSEI,,
2023-01-02,18131.69922,18215.15039,18086.5,18197.44922,NSEI,,
2023-01-03,18163.19922,18251.94922,18149.80078,18232.55078,NSEI,,
2023-01-04,18230.65039,18243,18020.59961,18042.94922,NSEI,,
2023-01-05,18101.94922,18120.30078,17892.59961,17992.15039,NSEI,,
2023-01-06,18008.05078,18047.40039,17795.55078,17859.44922,NSEI,,
2023-01-09,17952.55078,18141.40039,17936.15039,18101.19922,NSEI,,
2023-01-10,18121.30078,18127.59961,17856,17914.15039,NSEI,,
2023-01-11,17924.25,17976.34961,17824.34961,17895.69922,NSEI,,
2023-01-12,17920.84961,17945.80078,17761.65039,17858.19922,NSEI,,
2023-01-13,17867.5,17999.34961,17774.25,17956.59961,NSEI,,
2023-01-16,18033.15039,18049.65039,17853.65039,17894.84961,NSEI,,
2023-01-17,17922.80078,18072.05078,17886.94922,18053.30078,NSEI,,
2023-01-18,18074.30078,18183.75,18032.44922,18165.34961,NSEI,,
2023-01-19,18119.80078,18155.19922,18063.75,18107.84961,NSEI,,
2023-01-20,18115.59961,18145.44922,18016.19922,18027.65039,NSEI,,
2023-01-23,18118.44922,18162.59961,18063.44922,18118.55078,NSEI,,
2023-01-24,18183.94922,18201.25,18078.65039,18118.30078,NSEI,,
2023-01-25,18093.34961,18100.59961,17846.15039,17891.94922,NSEI,,
2023-01-27,17877.19922,17884.75,17493.55078,17604.34961,NSEI,,
2023-01-30,17541.94922,17709.15039,17405.55078,17648.94922,NSEI,,
2023-01-31,17731.44922,17735.69922,17537.55078,17662.15039,NSEI,,
2023-02-01,17811.59961,17972.19922,17353.40039,17616.30078,NSEI,,
2023-02-02,17517.09961,17653.90039,17445.94922,17610.40039,NSEI,,
2023-02-03,17721.75,17870.30078,17584.19922,17854.05078,NSEI,,
2023-02-06,17818.55078,17823.69922,17698.34961,17764.59961,NSEI,,
2023-02-07,17790.09961,17811.15039,17652.55078,17721.5,NSEI,,
2023-02-08,17750.30078,17898.69922,17744.15039,17871.69922,NSEI,,
2023-02-09,17885.5,17916.90039,17779.80078,17893.44922,NSEI,,
2023-02-10,17847.55078,17876.94922,17801,17856.5,NSEI,,
2023-02-13,17859.09961,17880.69922,17719.75,17770.90039,NSEI,,
2023-02-14,17840.34961,17954.55078,17800.05078,17929.84961,NSEI,,
2023-02-15,17896.59961,18034.09961,17853.80078,18015.84961,NSEI,,
2023-02-16,18094.75,18134.75,18000.65039,18035.84961,NSEI,,
2023-02-17,17974.84961,18034.25,17884.59961,17944.19922,NSEI,,
2023-02-20,17965.55078,18004.34961,17818.40039,17844.59961,NSEI,,
2023-02-21,17905.80078,17924.90039,17800.30078,17826.69922,NSEI,,
2023-02-22,17755.34961,17772.5,17529.44922,17554.30078,NSEI,,
2023-02-23,17574.65039,17620.05078,17455.40039,17511.25,NSEI,,
2023-02-24,17591.34961,17599.75,17421.80078,17465.80078,NSEI,,
2023-02-27,17428.59961,17451.59961,17299,17392.69922,NSEI,,
2023-02-28,17383.25,17440.44922,17255.19922,17303.94922,NSEI,,
2023-03-01,17360.09961,17467.75,17345.25,17450.90039,NSEI,,
2023-03-02,17421.5,17445.80078,17306,17321.90039,NSEI,,
2023-03-03,17451.25,17644.75,17427.69922,17594.34961,NSEI,,
2023-03-06,17680.34961,17799.94922,17671.94922,17711.44922,NSEI,,
2023-03-08,17665.75,17766.5,17602.25,17754.40039,NSEI,,
2023-03-09,17772.05078,17772.34961,17573.59961,17589.59961,NSEI,,
2023-03-10,17443.80078,17451.5,17324.34961,17412.90039,NSEI,,
2023-03-13,17421.90039,17529.90039,17113.44922,17154.30078,NSEI,,
2023-03-14,17160.55078,17224.65039,16987.09961,17043.30078,NSEI,,
2023-03-15,17166.44922,17211.34961,16938.90039,16972.15039,NSEI,,
2023-03-16,16994.65039,17062.44922,16850.15039,16985.59961,NSEI,,
2023-03-17,17111.80078,17145.80078,16958.15039,17100.05078,NSEI,,
2023-03-20,17066.59961,17066.59961,16828.34961,16988.40039,NSEI,,
2023-03-21,17060.40039,17127.69922,17016,17107.5,NSEI,,
2023-03-22,17177.44922,17207.25,17107.84961,17151.90039,NSEI,,
2023-03-23,17097.40039,17205.40039,17045.30078,17076.90039,NSEI,,
2023-03-24,17076.19922,17109.44922,16917.34961,16945.05078,NSEI,,
2023-03-27,16984.30078,17091,16918.55078,16985.69922,NSEI,,
2023-03-28,17031.75,17061.75,16913.75,16951.69922,NSEI,,
2023-03-29,16977.30078,17126.15039,16940.59961,17080.69922,NSEI,,
2023-03-31,17210.34961,17381.59961,17204.65039,17359.75,NSEI,,
2023-04-03,17427.94922,17428.05078,17312.75,17398.05078,NSEI,,
2023-04-05,17422.30078,17570.55078,17402.69922,17557.05078,NSEI,,
2023-04-06,17533.84961,17638.69922,17502.84961,17599.15039,NSEI,,
2023-04-10,17634.90039,17694.09961,17597.94922,17624.05078,NSEI,,
2023-04-11,17704.80078,17748.75,17655.15039,17722.30078,NSEI,,
2023-04-12,17759.55078,17825.75,17717.25,17812.40039,NSEI,,
2023-04-13,17807.30078,17842.15039,17729.65039,17828,NSEI,,
2023-04-17,17863,17863,17574.05078,17706.84961,NSEI,,
2023-04-18,17766.59961,17766.59961,17610.19922,17660.15039,NSEI,,
2023-04-19,17653.34961,17666.15039,17579.84961,17618.75,NSEI,,
2023-04-20,17638.59961,17684.44922,17584.34961,17624.44922,NSEI,,
2023-04-21,17639.75,17663.19922,17553.94922,17624.05078,NSEI,,
2023-04-24,17707.55078,17754.5,17612.5,17743.40039,NSEI,,
2023-04-25,17761.55078,17807.44922,17716.84961,17769.25,NSEI,,
2023-04-26,17767.30078,17827.75,17711.19922,17813.59961,NSEI,,
2023-04-27,17813.09961,17931.59961,17797.90039,17915.05078,NSEI,,
2023-04-28,17950.40039,18089.15039,17885.30078,18065,NSEI,,
2023-05-02,18124.80078,18180.25,18101.75,18147.65039,NSEI,,
2023-05-03,18113.80078,18116.34961,18042.40039,18089.84961,NSEI,,
2023-05-04,18081,18267.44922,18066.69922,18255.80078,NSEI,,
2023-05-05,18117.30078,18216.94922,18055.44922,18069,NSEI,,
2023-05-08,18120.59961,18286.94922,18100.30078,18264.40039,NSEI,,
2023-05-09,18303.40039,18344.19922,18229.65039,18265.94922,NSEI,,
2023-05-10,18313.59961,18326.75,18211.94922,18315.09961,NSEI,,
2023-05-11,18357.80078,18389.69922,18270.40039,18297,NSEI,,
2023-05-12,18273.75,18342.75,18194.55078,18314.80078,NSEI,,
2023-05-15,18339.30078,18458.90039,18287.90039,18398.84961,NSEI,,
2023-05-16,18432.34961,18432.34961,18264.34961,18286.5,NSEI,,
2023-05-17,18300.44922,18309,18115.34961,18181.75,NSEI,,
2023-05-18,18287.5,18297.19922,18104.84961,18129.94922,NSEI,,
2023-05-19,18186.15039,18218.09961,18060.40039,18203.40039,NSEI,,
2023-05-22,18201.09961,18335.25,18178.84961,18314.40039,NSEI,,
2023-05-23,18362.90039,18419.75,18324.19922,18348,NSEI,,
2023-05-24,18294.80078,18392.59961,18262.94922,18285.40039,NSEI,,
2023-05-25,18268.90039,18338.09961,18202.40039,18321.15039,NSEI,,
2023-05-26,18368.34961,18508.55078,18333.15039,18499.34961,NSEI,,
2023-05-29,18619.15039,18641.19922,18581.25,18598.65039,NSEI,,
2023-05-30,18606.65039,18662.44922,18575.5,18633.84961,NSEI,,
2023-05-31,18594.19922,18603.90039,18483.84961,18534.40039,NSEI,,
2023-06-01,18579.40039,18580.30078,18464.55078,18487.75,NSEI,,
2023-06-02,18550.84961,18573.69922,18478.40039,18534.09961,NSEI,,
2023-06-05,18612,18640.15039,18582.80078,18593.84961,NSEI,,
2023-06-06,18600.80078,18622.75,18531.59961,18599,NSEI,,
2023-06-07,18665.59961,18738.94922,18636,18726.40039,NSEI,,
2023-06-08,18725.34961,18777.90039,18615.59961,18634.55078,NSEI,,
2023-06-09,18655.90039,18676.65039,18555.40039,18563.40039,NSEI,,
2023-06-12,18595.05078,18633.59961,18559.75,18601.5,NSEI,,
2023-06-13,18631.80078,18728.90039,18631.80078,18716.15039,NSEI,,
2023-06-14,18744.59961,18769.69922,18690,18755.90039,NSEI,,
2023-06-15,18774.44922,18794.09961,18669.05078,18688.09961,NSEI,,
2023-06-16,18723.30078,18864.69922,18710.5,18826,NSEI,,
2023-06-19,18873.30078,18881.44922,18719.15039,18755.44922,NSEI,,
2023-06-20,18752.34961,18839.69922,18660.65039,18816.69922,NSEI,,
2023-06-21,18849.40039,18875.90039,18794.84961,18856.84961,NSEI,,
2023-06-22,18853.59961,18886.59961,18759.5,18771.25,NSEI,,
2022-06-22,6715.450195,6717.540039,6636.399902,6645.950195,BSE-200,,
2022-06-23,6666.180176,6741.060059,6631.439941,6713.549805,BSE-200,,
2022-06-24,6762.819824,6792.310059,6745.819824,6782.419922,BSE-200,,
2022-06-27,6871.069824,6875.830078,6835.200195,6840.149902,BSE-200,,
2022-06-28,6810.120117,6863.839844,6785.890137,6853.279785,BSE-200,,
2022-06-29,6789.870117,6851.790039,6783.839844,6829.680176,BSE-200,,
2022-06-30,6820.879883,6868.580078,6797.450195,6812.109863,BSE-200,,
2022-07-01,6797.660156,6831.450195,6711.279785,6815.970215,BSE-200,,
2022-07-04,6815.680176,6862.410156,6784.290039,6855.560059,BSE-200,,
2022-07-05,6890.509766,6935.009766,6836.790039,6847.52002,BSE-200,,
2022-07-06,6855.240234,6948.350098,6843.859863,6938.939941,BSE-200,,
2022-07-07,6987.859863,7009.919922,6964.870117,7003.720215,BSE-200,,
2022-07-08,7051.549805,7056.450195,7007.310059,7037.240234,BSE-200,,
2022-07-11,7017.740234,7075.200195,7002.350098,7063.22998,BSE-200,,
2022-07-12,7043.069824,7053.620117,6999.02002,7007.950195,BSE-200,,
2022-07-13,7047.029785,7049.700195,6969.549805,6976.109863,BSE-200,,
2022-07-14,7000.060059,7012.430176,6921.109863,6965.580078,BSE-200,,
2022-07-15,6996.490234,7017.779785,6964.189941,7011.450195,BSE-200,,
2022-07-18,7054.129883,7113.430176,7053.049805,7109.149902,BSE-200,,
2022-07-19,7082.109863,7149.120117,7077.830078,7141.299805,BSE-200,,
2022-07-20,7223.399902,7233.75,7188.22998,7199.790039,BSE-200,,
2022-07-21,7203.759766,7262.029785,7188.569824,7255.009766,BSE-200,,
2022-07-22,7276.640137,7299.060059,7250.52002,7286.859863,BSE-200,,
2022-07-25,7273.910156,7284.759766,7231.200195,7255.830078,BSE-200,,
2022-07-26,7263.359863,7263.359863,7176.52002,7184.069824,BSE-200,,
2022-07-27,7185.009766,7259.149902,7167.549805,7254.790039,BSE-200,,
2022-07-28,7302.529785,7372.75,7292.819824,7366.290039,BSE-200,,
2022-07-29,7419.609863,7470.879883,7409.419922,7465.399902,BSE-200,,
2022-08-01,7500.379883,7561.129883,7464.680176,7555.339844,BSE-200,,
2022-08-02,7550.5,7582.390137,7513.419922,7564.5,BSE-200,,
2022-08-03,7570.569824,7583.209961,7506.080078,7571.589844,BSE-200,,
2022-08-04,7601.160156,7622.350098,7477.830078,7579.600098,BSE-200,,
2022-08-05,7596.259766,7621.879883,7572.180176,7582.75,BSE-200,,
2022-08-08,7588.799805,7645.390137,7567.959961,7635.790039,BSE-200,,
2022-08-10,7654.720215,7655.370117,7600.47998,7635.100098,BSE-200,,
2022-08-11,7695.990234,7711.080078,7681.390137,7692.589844,BSE-200,,
2022-08-12,7690.040039,7725.839844,7674.040039,7715.529785,BSE-200,,
2022-08-16,7743.910156,7789.310059,7743.759766,7785.879883,BSE-200,,
2022-08-17,7802.060059,7848.890137,7798,7840.290039,BSE-200,,
2022-08-18,7825.089844,7857.169922,7809.629883,7852,BSE-200,,
2022-08-19,7861.649902,7872.299805,7751.569824,7767.209961,BSE-200,,
2022-08-22,7734.819824,7736.580078,7633.220215,7643.629883,BSE-200,,
2022-08-23,7572.609863,7707.009766,7569.870117,7686.759766,BSE-200,,
2022-08-24,7669.810059,7713.600098,7650.890137,7705.310059,BSE-200,,
2022-08-25,7730.490234,7762.240234,7666.830078,7680.02002,BSE-200,,
2022-08-26,7715.899902,7752.509766,7687.209961,7701.22998,BSE-200,,
2022-08-29,7491.890137,7634.370117,7491.790039,7610.549805,BSE-200,,
2022-08-30,7649.149902,7807.859863,7647.899902,7800.620117,BSE-200,,
2022-09-01,7712.700195,7785.589844,7697.549805,7731.009766,BSE-200,,
2022-09-02,7758.930176,7777.470215,7715.910156,7723.779785,BSE-200,,
2022-09-05,7726.77002,7777.509766,7726.529785,7768.22998,BSE-200,,
2022-09-06,7778.700195,7812.72998,7745.709961,7779.25,BSE-200,,
2022-09-07,7736.049805,7785.839844,7727.100098,7776.140137,BSE-200,,
2022-09-08,7819.330078,7842.220215,7798.200195,7837.129883,BSE-200,,
2022-09-09,7879.02002,7892.899902,7832.180176,7852.859863,BSE-200,,
2022-09-12,7868.310059,7919.220215,7868.310059,7906.740234,BSE-200,,
2022-09-13,7942.97998,7966.540039,7938.890137,7957.799805,BSE-200,,
2022-09-14,7815.439941,7966.629883,7813.859863,7934.359863,BSE-200,,
2022-09-15,7953.220215,7981.52002,7890.640137,7907.740234,BSE-200,,
2022-09-16,7874.27002,7884.879883,7716.549805,7740.120117,BSE-200,,
2022-09-19,7735.759766,7791.669922,7685.330078,7766.810059,BSE-200,,
2022-09-20,7818.109863,7901.580078,7818.109863,7855.029785,BSE-200,,
2022-09-21,7834.580078,7877.620117,7781.299805,7801.509766,BSE-200,,
2022-09-22,7755.919922,7814.600098,7730.779785,7784.52002,BSE-200,,
2022-09-23,7773.830078,7794.790039,7631.970215,7643.470215,BSE-200,,
2022-09-26,7570.029785,7579.859863,7460.950195,7482.279785,BSE-200,,
2022-09-27,7508.069824,7555.72998,7444.27002,7479.72998,BSE-200,,
2022-09-28,7429.640137,7498.379883,7403.620117,7421.350098,BSE-200,,
2022-09-29,7475.660156,7502.740234,7392.330078,7406.240234,BSE-200,,
2022-09-30,7384.080078,7550.439941,7363.450195,7522.740234,BSE-200,,
2022-10-03,7519.290039,7533.930176,7393.529785,7418.02002,BSE-200,,
2022-10-04,7517.540039,7595.220215,7517.459961,7591.629883,BSE-200,,
2022-10-06,7626.75,7665.890137,7625.629883,7630.959961,BSE-200,,
2022-10-07,7616.810059,7628.189941,7572.100098,7619.02002,BSE-200,,
2022-10-10,7519.959961,7595.52002,7506.439941,7578.200195,BSE-200,,
2022-10-11,7586.819824,7589.390137,7449.509766,7461.279785,BSE-200,,
2022-10-12,7478.290039,7526.819824,7443.850098,7519.27002,BSE-200,,
2022-10-13,7509.459961,7519.720215,7444.169922,7468.240234,BSE-200,,
2022-10-14,7578.600098,7600.649902,7511.149902,7517.339844,BSE-200,,
2022-10-17,7493.600098,7574.720215,7469.049805,7568.410156,BSE-200,,
2022-10-18,7608.959961,7653.970215,7608.959961,7645.689941,BSE-200,,
2022-10-19,7671.490234,7695.910156,7637.810059,7653.060059,BSE-200,,
2022-10-20,7618.839844,7687.080078,7608.629883,7677.700195,BSE-200,,
2022-10-21,7696.27002,7714.160156,7643.680176,7667.399902,BSE-200,,
2022-10-24,7730.060059,7750.950195,7718.080078,7725.149902,BSE-200,,
2022-10-25,7740.160156,7748.600098,7699.390137,7704.879883,BSE-200,,
2022-10-27,7732.299805,7764,7711.22998,7747.899902,BSE-200,,
2022-10-28,7747.240234,7776.709961,7726.890137,7753.180176,BSE-200,,
2022-10-31,7783.100098,7856.52002,7783.100098,7851.200195,BSE-200,,
2022-11-01,7880.870117,7919.390137,7874.200195,7915.220215,BSE-200,,
2022-11-02,7915.97998,7924.180176,7878.080078,7890.740234,BSE-200,,
2022-11-03,7838.870117,7902.75,7836.660156,7884.5,BSE-200,,
2022-11-04,7873.430176,7911.609863,7865.080078,7905.830078,BSE-200,,
2022-11-07,7933.439941,7964.299805,7888.850098,7946.100098,BSE-200,,
2022-11-09,7960.910156,7978.330078,7906.620117,7923.209961,BSE-200,,
2022-11-10,7869.240234,7900.569824,7835.02002,7861.330078,BSE-200,,
2022-11-11,7946.140137,7980.689941,7946.140137,7974.950195,BSE-200,,
2022-11-14,7972.060059,7992.549805,7961.439941,7970.680176,BSE-200,,
2022-11-15,7968.660156,8001.669922,7947.439941,7993.430176,BSE-200,,
2022-11-16,7977.390137,8000.330078,7949.890137,7977.669922,BSE-200,,
2022-11-17,7957.620117,7976.669922,7930.830078,7942.379883,BSE-200,,
2022-11-18,7955.279785,7966.930176,7880.160156,7920.799805,BSE-200,,
2022-11-21,7895.160156,7897.089844,7850.52002,7862.029785,BSE-200,,
2022-11-22,7859.689941,7898.22998,7854.649902,7894.439941,BSE-200,,
2022-11-23,7928.470215,7929.040039,7899.220215,7906.490234,BSE-200,,
2022-11-24,7922.370117,7998.02002,7921.720215,7985.180176,BSE-200,,
2022-11-25,7991.890137,8010.720215,7974.080078,8001.450195,BSE-200,,
2022-11-28,7974.509766,8048.02002,7970.450195,8028.359863,BSE-200,,
2022-11-29,8013.120117,8069.439941,8013.100098,8045.569824,BSE-200,,
2022-11-30,8053.939941,8142.640137,8049.529785,8117.399902,BSE-200,,
2022-12-01,8149.069824,8164.700195,8128.910156,8144.549805,BSE-200,,
2022-12-02,8117.319824,8132.75,8088.310059,8114.899902,BSE-200,,
2022-12-05,8118.259766,8126.959961,8068.779785,8115.279785,BSE-200,,
2022-12-06,8072.740234,8098.490234,8071.759766,8092.759766,BSE-200,,
2022-12-07,8092.959961,8110.509766,8051.299805,8062.910156,BSE-200,,
2022-12-08,8074.850098,8092.189941,8060.649902,8085.649902,BSE-200,,
2022-12-09,8103.430176,8113.029785,7994.02002,8037.129883,BSE-200,,
2022-12-12,7996.330078,8047.160156,7971.870117,8040.180176,BSE-200,,
2022-12-13,8062.430176,8083.580078,8040.870117,8078.089844,BSE-200,,
2022-12-14,8096.209961,8120.97998,8096.120117,8106.540039,BSE-200,,
2022-12-15,8092.589844,8107.25,7997.660156,8008.77002,BSE-200,,
2022-12-16,7970.419922,8016.169922,7930.689941,7934.629883,BSE-200,,
2022-12-19,7939.410156,8004.959961,7921.790039,8000.180176,BSE-200,,
2022-12-20,7978.240234,7992.589844,7909.22998,7983.740234,BSE-200,,
2022-12-21,8013.850098,8027.890137,7876.879883,7890.430176,BSE-200,,
2022-12-22,7909.399902,7943.129883,7820.490234,7849.100098,BSE-200,,
2022-12-23,7766.529785,7808.819824,7654.339844,7667.850098,BSE-200,,
2022-12-26,7648.220215,7813.919922,7641.580078,7784.430176,BSE-200,,
2022-12-27,7826.430176,7850.049805,7774.25,7843.290039,BSE-200,,
2022-12-28,7832.399902,7869.359863,7817.850098,7851.040039,BSE-200,,
2022-12-29,7818.040039,7892.669922,7784.919922,7879.200195,BSE-200,,
2022-12-30,7908.77002,7923.120117,7840.330078,7851.990234,BSE-200,,
2023-01-02,7864.120117,7893.060059,7843.299805,7887.080078,BSE-200,,
2023-01-03,7880.649902,7913.450195,7874.47998,7905.160156,BSE-200,,
2023-01-04,7904.589844,7910.310059,7809.470215,7817.450195,BSE-200,,
2023-01-05,7841.200195,7851.109863,7761.470215,7811.490234,BSE-200,,
2023-01-06,7814,7829.52002,7729.129883,7754.120117,BSE-200,,
2023-01-09,7790.430176,7860.649902,7790.430176,7850.279785,BSE-200,,
2023-01-10,7857.330078,7857.850098,7751.660156,7782.939941,BSE-200,,
2023-01-11,7788.350098,7806.390137,7745.72998,7771.180176,BSE-200,,
2023-01-12,7775.709961,7791.120117,7718.390137,7757.350098,BSE-200,,
2023-01-13,7767.890137,7806.27002,7723.009766,7792.649902,BSE-200,,
2023-01-16,7817.700195,7830.290039,7754.22998,7770.660156,BSE-200,,
2023-01-17,7776.72998,7829.509766,7766.240234,7823.319824,BSE-200,,
2023-01-18,7831.660156,7868.5,7814.140137,7862.379883,BSE-200,,
2023-01-19,7841.47998,7856.47998,7821.370117,7838.810059,BSE-200,,
2023-01-20,7839,7851.290039,7797.890137,7802.509766,BSE-200,,
2023-01-23,7827.52002,7850.609863,7816.540039,7837.02002,BSE-200,,
2023-01-24,7855.549805,7867.149902,7819.029785,7830.589844,BSE-200,,
2023-01-25,7811.72998,7817.77002,7706.990234,7716.990234,BSE-200,,
2023-01-27,7702.600098,7704.399902,7513.629883,7561.790039,BSE-200,,
2023-01-30,7512.77002,7598.549805,7453.680176,7547.830078,BSE-200,,
2023-01-31,7572.319824,7588.200195,7512.859863,7574.740234,BSE-200,,
2023-02-01,7626.390137,7686.410156,7417.759766,7530.25,BSE-200,,
2023-02-02,7496.899902,7544.689941,7455.109863,7522.209961,BSE-200,,
2023-02-03,7551.830078,7597.149902,7480.080078,7592.720215,BSE-200,,
2023-02-06,7585.72998,7585.819824,7540.850098,7572.379883,BSE-200,,
2023-02-07,7567.410156,7591.819824,7528.379883,7554.839844,BSE-200,,
2023-02-08,7562.430176,7628.669922,7561.569824,7618.240234,BSE-200,,
2023-02-09,7622.660156,7632.910156,7582.060059,7621.220215,BSE-200,,
2023-02-10,7602.169922,7615.600098,7586.779785,7606.790039,BSE-200,,
2023-02-13,7599.310059,7610.509766,7539.120117,7552.490234,BSE-200,,
2023-02-14,7559.200195,7605.720215,7547.870117,7596.180176,BSE-200,,
2023-02-15,7587.540039,7639.879883,7570.779785,7631.22998,BSE-200,,
2023-02-16,7660.069824,7682.450195,7638.27002,7650.359863,BSE-200,,
2023-02-17,7615.149902,7645.299805,7588.379883,7607.5,BSE-200,,
2023-02-20,7612.069824,7627.120117,7562.109863,7571.839844,BSE-200,,
2023-02-21,7581.370117,7602.919922,7551.970215,7561.790039,BSE-200,,
2023-02-22,7526.879883,7534.430176,7438,7448.689941,BSE-200,,
2023-02-23,7448.410156,7468.27002,7398.25,7430.700195,BSE-200,,
2023-02-24,7454.259766,7464.370117,7392.529785,7409.439941,BSE-200,,
2023-02-27,7391.149902,7393.77002,7328.149902,7371.609863,BSE-200,,
2023-02-28,7373.240234,7389.069824,7330.919922,7350.709961,BSE-200,,
2023-03-01,7366.240234,7427.450195,7365.759766,7421.350098,BSE-200,,
2023-03-02,7410.459961,7422.029785,7374.370117,7379.890137,BSE-200,,
2023-03-03,7421.720215,7502.089844,7421.589844,7482.310059,BSE-200,,
2023-03-06,7507.740234,7567.359863,7507.379883,7534.72998,BSE-200,,
2023-03-08,7502.399902,7563.049805,7490.419922,7557.5,BSE-200,,
2023-03-09,7573.700195,7573.700195,7489.259766,7496.850098,BSE-200,,
2023-03-10,7435.450195,7436.160156,7387.890137,7430.839844,BSE-200,,
2023-03-13,7416.220215,7474.490234,7305.640137,7321.129883,BSE-200,,
2023-03-14,7311.660156,7344.959961,7248.200195,7274.75,BSE-200,,
2023-03-15,7316.279785,7340.540039,7238.319824,7248.859863,BSE-200,,
2023-03-16,7240.129883,7290.040039,7190.540039,7262.560059,BSE-200,,
2023-03-17,7312.290039,7329.970215,7258.140137,7306.129883,BSE-200,,
2023-03-20,7272.77002,7280.200195,7191.089844,7253.75,BSE-200,,
2023-03-21,7287.330078,7311.490234,7264.299805,7303.77002,BSE-200,,
2023-03-22,7326.790039,7348.089844,7313.109863,7326.790039,BSE-200,,
2023-03-23,7308.540039,7344.220215,7289.169922,7296.27002,BSE-200,,
2023-03-24,7295.25,7312.180176,7225.970215,7238.290039,BSE-200,,
2023-03-27,7240.209961,7283.899902,7223.060059,7239.009766,BSE-200,,
2023-03-28,7246.839844,7260.290039,7198.930176,7216.379883,BSE-200,,
2023-03-29,7204.52002,7295.680176,7204.299805,7279.410156,BSE-200,,
2023-03-31,7309.720215,7398.240234,7309.720215,7388.689941,BSE-200,,
2023-04-03,7409.649902,7415.890137,7373.990234,7406.089844,BSE-200,,
2023-04-05,7401.790039,7467.109863,7401.790039,7461.189941,BSE-200,,
2023-04-06,7453.290039,7496.959961,7441.009766,7483.220215,BSE-200,,
2023-04-10,7489,7523.200195,7488.870117,7499.450195,BSE-200,,
2023-04-11,7520.549805,7552.310059,7510.149902,7539.359863,BSE-200,,
2023-04-12,7543.27002,7581.850098,7539.939941,7577.419922,BSE-200,,
2023-04-13,7575.649902,7588.319824,7546.649902,7583.02002,BSE-200,,
2023-04-17,7573.850098,7576.580078,7495.720215,7551.819824,BSE-200,,
2023-04-18,7559.560059,7574.819824,7523.700195,7546.180176,BSE-200,,
2023-04-19,7546.509766,7548.220215,7512.040039,7523.640137,BSE-200,,
2023-04-20,7523.419922,7548.830078,7512.5,7526.350098,BSE-200,,
2023-04-21,7517.410156,7541.109863,7492.569824,7519.580078,BSE-200,,
2023-04-24,7537.700195,7569,7518.52002,7564.27002,BSE-200,,
2023-04-25,7576.080078,7591.660156,7558.109863,7577.049805,BSE-200,,
2023-04-26,7568.640137,7602.359863,7557.259766,7596.399902,BSE-200,,
2023-04-27,7596.839844,7643.560059,7593.629883,7638.450195,BSE-200,,
2023-04-28,7646.870117,7719.859863,7636.180176,7709.450195,BSE-200,,
2023-05-02,7729.720215,7765.589844,7728.180176,7751.319824,BSE-200,,
2023-05-03,7735.390137,7749.089844,7716.77002,7734.669922,BSE-200,,
2023-05-04,7742.049805,7805.140137,7728.410156,7799.799805,BSE-200,,
2023-05-05,7750.859863,7793.950195,7726.77002,7732.939941,BSE-200,,
2023-05-08,7741.5,7818.919922,7741.490234,7812.330078,BSE-200,,
2023-05-09,7822.25,7849.790039,7796.609863,7810.399902,BSE-200,,
2023-05-10,7820.720215,7837.459961,7787.600098,7834.310059,BSE-200,,
2023-05-11,7856.47998,7858.209961,7827.810059,7838.549805,BSE-200,,
2023-05-12,7834.75,7852.040039,7795.850098,7838.200195,BSE-200,,
2023-05-15,7845.129883,7897.200195,7829.779785,7872.740234,BSE-200,,
2023-05-16,7888.819824,7892.75,7829.450195,7838.819824,BSE-200,,
2023-05-17,7839.009766,7844.75,7770.290039,7799.209961,BSE-200,,
2023-05-18,7837.310059,7843.27002,7759.069824,7765.430176,BSE-200,,
2023-05-19,7774.310059,7799.120117,7728.399902,7793.009766,BSE-200,,
2023-05-22,7780.959961,7850.459961,7780.819824,7842.97998,BSE-200,,
2023-05-23,7863.560059,7890.680176,7856.109863,7863.200195,BSE-200,,
2023-05-24,7851.490234,7887.109863,7838.859863,7847.419922,BSE-200,,
2023-05-25,7837.529785,7876.27002,7824.709961,7869.640137,BSE-200,,
2023-05-26,7877.140137,7949.109863,7875.549805,7945.259766,BSE-200,,
2023-05-29,7977.240234,8002.470215,7977.240234,7985.379883,BSE-200,,
2023-05-30,7982.830078,8006.589844,7973.859863,7993.549805,BSE-200,,
2023-05-31,7979.109863,7982.370117,7941.97998,7970.649902,BSE-200,,
2023-06-01,7980.75,7995.029785,7950.799805,7958.27002,BSE-200,,
2023-06-02,7979.740234,7997.339844,7963.02002,7982.180176,BSE-200,,
2023-06-05,8004.72998,8025.140137,8003.129883,8005.930176,BSE-200,,
2023-06-06,8004.200195,8021.279785,7981.379883,8013.5,BSE-200,,
2023-06-07,8028.589844,8078.689941,8028.589844,8072.879883,BSE-200,,
2023-06-08,8078.540039,8094.009766,8024.089844,8029.819824,BSE-200,,
2023-06-09,8031.700195,8048.97998,8000.839844,8004.970215,BSE-200,,
2023-06-12,8010.27002,8036.359863,8002.890137,8026.890137,BSE-200,,
2023-06-13,8034.169922,8091.879883,8034.169922,8088.540039,BSE-200,,
2023-06-14,8089.27002,8108.390137,8078.700195,8103.549805,BSE-200,,
2023-06-15,8098.490234,8129.140137,8077.049805,8085.350098,BSE-200,,
2023-06-16,8092.569824,8161.950195,8092.450195,8147.060059,BSE-200,,
2023-06-19,8158.75,8176.580078,8110.370117,8121.470215,BSE-200,,
2023-06-20,8123.169922,8159.5,8090.810059,8147.839844,BSE-200,,
2023-06-21,8166.660156,8185.470215,8148.830078,8169.950195,BSE-200,,
2023-06-22,8176.089844,8177.040039,8111.77002,8117.140137,BSE-200,,
00-01-00,21006.28906,21009.94922,20758.44922,20785.24023,BSE-500,,
2022-06-23,20846.96094,21080.30078,20746.19922,20998.55078,BSE-500,,
2022-06-24,21150.34961,21247.14063,21106.67969,21223.98047,BSE-500,,
2022-06-27,21496.83984,21514.68945,21401.5293,21415.9707,BSE-500,,
2022-06-28,21334.91016,21482.33984,21243.25,21453.25977,BSE-500,,
2022-06-29,21265.44922,21447.88086,21238.91016,21380.99023,BSE-500,,
2022-06-30,21359.0293,21500.25,21281.66992,21324.53906,BSE-500,,
2022-07-01,21284.32031,21385.40039,21018.58008,21340.25,BSE-500,,
2022-07-04,21348.25977,21484.36914,21252.05078,21464.11914,BSE-500,,
2022-07-05,21570.68945,21714.7207,21414.31055,21445.91992,BSE-500,,
2022-07-06,21473.49023,21746.80078,21422.31055,21719.58984,BSE-500,,
2022-07-07,21869.93945,21947.67969,21807.00977,21929.41992,BSE-500,,
2022-07-08,22077.13086,22090.59961,21940.10938,22028.14063,BSE-500,,
2022-07-11,21973.41992,22159.0293,21925.06055,22123.35938,BSE-500,,
2022-07-12,22066.90039,22099.66016,21928.43945,21955.57031,BSE-500,,
2022-07-13,22074.5,22088.4707,21851.08984,21869.74023,BSE-500,,
2022-07-14,21939.81055,21979.26953,21695.13086,21830.49023,BSE-500,,
2022-07-15,21922.08008,21990.2793,21822.58984,21971.44922,BSE-500,,
2022-07-18,22103.14063,22289.48047,22100.14063,22277.58984,BSE-500,,
2022-07-19,22201.21094,22407.5293,22187.75,22383.94922,BSE-500,,
2022-07-20,22632.06055,22667.57031,22522.82031,22558.19922,BSE-500,,
2022-07-21,22574.96094,22755.31055,22527.39063,22734.07031,BSE-500,,
2022-07-22,22804.06055,22864.55078,22719.84961,22828.4707,BSE-500,,
2022-07-25,22795.73047,22828.10938,22665.10938,22739.16992,BSE-500,,
2022-07-26,22761.15039,22761.15039,22490.63086,22514.58984,BSE-500,,
2022-07-27,22515.91992,22730.2793,22459.03906,22718.33008,BSE-500,,
2022-07-28,22865.03906,23066.41016,22831.99023,23047.5,BSE-500,,
2022-07-29,23208.96094,23376.5,23185.7207,23359.64063,BSE-500,,
2022-08-01,23472.33008,23667.46094,23362.49023,23649.80078,BSE-500,,
2022-08-02,23636.11914,23739.21094,23523.59961,23685.50977,BSE-500,,
2022-08-03,23707.53906,23746.44922,23499.5293,23696.30078,BSE-500,,
2022-08-04,23790.07031,23856.48047,23403.31055,23721.33008,BSE-500,,
2022-08-05,23773.08984,23853.58984,23699.41992,23731.66992,BSE-500,,
2022-08-08,23755.05078,23918.06055,23688.13086,23888.76953,BSE-500,,
2022-08-10,23947.61914,23954.60938,23783.85938,23885.71094,BSE-500,,
2022-08-11,24069.66016,24117.11914,24027.21094,24063.88086,BSE-500,,
2022-08-12,24060.58008,24171.13086,24013.66016,24136.40039,BSE-500,,
2022-08-16,24224.85938,24367.16992,24224.42969,24357.78906,BSE-500,,
2022-08-17,24410.88086,24547.90039,24402.88086,24520.67969,BSE-500,,
2022-08-18,24483.42969,24578.03906,24437.61914,24560.74023,BSE-500,,
2022-08-19,24593.7793,24629.68945,24253.96094,24299.19922,BSE-500,,
2022-08-22,24200.41992,24204.30078,23895.33984,23925.66992,BSE-500,,
2022-08-23,23713.23047,24126.92969,23705.44922,24065.78906,BSE-500,,
2022-08-24,24022.35938,24160.26953,23976.5,24135.99023,BSE-500,,
2022-08-25,24215.48047,24319.01953,24036.5,24074.38086,BSE-500,,
2022-08-26,24185.30078,24299.85938,24097.71094,24141.16992,BSE-500,,
2022-08-29,23474.93945,23941.06055,23474.66016,23872.06055,BSE-500,,
2022-08-30,23992.11914,24457.48047,23988.59961,24437.2207,BSE-500,,
2022-09-01,24183.96094,24410.30078,24145.67969,24249.53906,BSE-500,,
2022-09-02,24337.10938,24397.13086,24207.90039,24232.24023,BSE-500,,
2022-09-05,24246.32031,24405.28906,24246.32031,24376.09961,BSE-500,,
2022-09-06,24416.07031,24521.39063,24306.60938,24411.21094,BSE-500,,
2022-09-07,24281.63086,24444.13086,24253.81055,24418.89063,BSE-500,,
2022-09-08,24554.63086,24624.66016,24491.2207,24608.4707,BSE-500,,
2022-09-09,24734.42969,24780.84961,24590.38086,24652.60938,BSE-500,,
2022-09-12,24704.35938,24865.64063,24704.34961,24829.35938,BSE-500,,
2022-09-13,24943.7207,25005.83984,24926.65039,24977.96094,BSE-500,,
2022-09-14,24540.4707,25006,24535.86914,24914.38086,BSE-500,,
2022-09-15,24976.86914,25066.46094,24783.65039,24837.16992,BSE-500,,
2022-09-16,24740.75,24773.89063,24226.39063,24304.60938,BSE-500,,
2022-09-19,24290.36914,24462.00977,24125.09961,24375.51953,BSE-500,,
2022-09-20,24536.16992,24795.00977,24536.16992,24653.69922,BSE-500,,
2022-09-21,24598.38086,24734.16016,24421.08008,24485.28906,BSE-500,,
2022-09-22,24351.33008,24531.03906,24271.44922,24448.88086,BSE-500,,
2022-09-23,24419,24487.25977,23969.30078,24005.32031,BSE-500,,
2022-09-26,23771.56055,23801.88086,23390.19922,23472.2793,BSE-500,,
2022-09-27,23546.01953,23710.84961,23357.65039,23475.4707,BSE-500,,
2022-09-28,23323.11914,23540.65039,23240.13086,23303.44922,BSE-500,,
2022-09-29,23475.90039,23567.33984,23223.75,23278.08984,BSE-500,,
2022-09-30,23211.25,23720.18945,23141.61914,23642.46094,BSE-500,,
2022-10-03,23631.28906,23682.25,23252.98047,23337.17969,BSE-500,,
2022-10-04,23640.5293,23869.01953,23640.42969,23857.66992,BSE-500,,
2022-10-06,23968.92969,24102.28906,23968.92969,23996.94922,BSE-500,,
2022-10-07,23955.4707,23995.85938,23819.10938,23966.56055,BSE-500,,
2022-10-10,23665.55078,23890.33984,23618.05078,23833.57031,BSE-500,,
2022-10-11,23860.10938,23870.05078,23427.68945,23465.25,BSE-500,,
2022-10-12,23515.28906,23662.08008,23396.55078,23638.83984,BSE-500,,
2022-10-13,23611.9707,23643.49023,23407.91016,23481.48047,BSE-500,,
2022-10-14,23816.51953,23886.4707,23601.41016,23619.49023,BSE-500,,
2022-10-17,23545.59961,23786.0293,23461.84961,23767.06055,BSE-500,,
2022-10-18,23889.23047,24025.50977,23889.23047,24001.19922,BSE-500,,
2022-10-19,24078.28906,24155.14063,23974.10938,24018.56055,BSE-500,,
2022-10-20,23914.57031,24116.5293,23877.90039,24088.66992,BSE-500,,
2022-10-21,24143.24023,24201.28906,23976.7793,24048.58008,BSE-500,,
2022-10-24,24243.56055,24312.94922,24212.93945,24233.63086,BSE-500,,
2022-10-25,24276.15039,24301.08008,24151.4707,24169.67969,BSE-500,,
2022-10-27,24251.92969,24350.75,24193.16992,24302.80078,BSE-500,,
2022-10-28,24303.88086,24380.16016,24223.88086,24300.48047,BSE-500,,
2022-10-31,24390.93945,24606.0293,24390.93945,24589.55078,BSE-500,,
2022-11-01,24675.48047,24790.43945,24656.10938,24778.23047,BSE-500,,
2022-11-02,24780.85938,24808.17969,24674.01953,24713.33008,BSE-500,,
2022-11-03,24560.08008,24751.93945,24553.36914,24699.0293,BSE-500,,
2022-11-04,24669.48047,24787.80078,24648.71094,24768.89063,BSE-500,,
2022-11-07,24854.33008,24951.93945,24729.38086,24902.61914,BSE-500,,
2022-11-09,24947.11914,24998.36914,24780.33008,24830.41992,BSE-500,,
2022-11-10,24673.57031,24758.7207,24545.33008,24630.73047,BSE-500,,
2022-11-11,24890.30078,24978.2793,24890.30078,24959.57031,BSE-500,,
2022-11-14,24952.90039,25010.05078,24925.32031,24956.89063,BSE-500,,
2022-11-15,24951.65039,25045.13086,24886.42969,25021.61914,BSE-500,,
2022-11-16,24976.65039,25045.19922,24880.86914,24966.66016,BSE-500,,
2022-11-17,24905.21094,24963.16016,24826.48047,24860.83984,BSE-500,,
2022-11-18,24898.43945,24936.91016,24667.40039,24788.60938,BSE-500,,
2022-11-21,24715.39063,24721.75977,24595.00977,24627.76953,BSE-500,,
2022-11-22,24623.38086,24727.09961,24604.08984,24715.50977,BSE-500,,
2022-11-23,24814.13086,24816.89063,24737.01953,24760.11914,BSE-500,,
2022-11-24,24807.61914,25026.82031,24807.61914,24990.94922,BSE-500,,
2022-11-25,25011.49023,25083.32031,24971.14063,25054.43945,BSE-500,,
2022-11-28,24974.16992,25202.10938,24963.43945,25150.51953,BSE-500,,
2022-11-29,25108.81055,25266.34961,25108.75,25191.26953,BSE-500,,
2022-11-30,25215.82031,25479.82031,25205.11914,25406.75977,BSE-500,,
2022-12-01,25503.75,25554.25,25449.44922,25497.08984,BSE-500,,
2022-12-02,25420.74023,25464.80078,25344.24023,25429.0293,BSE-500,,
2022-12-05,25443.65039,25470.75,25300.58984,25433.60938,BSE-500,,
2022-12-06,25308.59961,25387.84961,25301.90039,25362.51953,BSE-500,,
2022-12-07,25365.07031,25415.32031,25232.55078,25268.59961,BSE-500,,
2022-12-08,25304.75,25359.2793,25268.33008,25343.58008,BSE-500,,
2022-12-09,25401.31055,25431.80078,25047.88086,25184.09961,BSE-500,,
2022-12-12,25066.0293,25218.07031,24986.16992,25201.07031,BSE-500,,
2022-12-13,25270.74023,25334.9707,25209.24023,25318.96094,BSE-500,,
2022-12-14,25376.59961,25457.88086,25376.32031,25416.42969,BSE-500,,
2022-12-15,25378.08984,25425.7793,25094.00977,25127.88086,BSE-500,,
2022-12-16,25007.40039,25155.23047,24883.2793,24894.88086,BSE-500,,
2022-12-19,24911.91992,25098.19922,24853.68945,25084.56055,BSE-500,,
2022-12-20,25022.60938,25062.2793,24811.58984,25036.00977,BSE-500,,
2022-12-21,25127.21094,25177.08984,24680.21094,24723.71094,BSE-500,,
2022-12-22,24778.32031,24891.00977,24475.25977,24566.74023,BSE-500,,
2022-12-23,24301.76953,24433.33984,23913.81055,23955.55078,BSE-500,,
2022-12-26,23882.48047,24440,23865.88086,24353.57031,BSE-500,,
2022-12-27,24492.5293,24570.80078,24331.05078,24547.30078,BSE-500,,
2022-12-28,24518.75977,24630.88086,24467.30078,24576.49023,BSE-500,,
2022-12-29,24477.71094,24699.85938,24376.59961,24660.88086,BSE-500,,
2022-12-30,24756.73047,24815.7207,24571.7207,24605.7793,BSE-500,,
2023-01-02,24643.05078,24740.75977,24580.08008,24722.03906,BSE-500,,
2023-01-03,24708,24801.93945,24685.39063,24775.91992,BSE-500,,
2023-01-04,24777.41992,24797.01953,24486.99023,24511.43945,BSE-500,,
2023-01-05,24585.25,24617.26953,24342.2207,24496.75,BSE-500,,
2023-01-06,24503.82031,24547.73047,24239.21094,24317.56055,BSE-500,,
2023-01-09,24431.86914,24637.08984,24431.86914,24602.36914,BSE-500,,
2023-01-10,24625.53906,24627.00977,24305.75,24401.13086,BSE-500,,
2023-01-11,24418.90039,24481.31055,24296.33008,24368.16016,BSE-500,,
2023-01-12,24386.24023,24437.98047,24212.73047,24331.33008,BSE-500,,
2023-01-13,24363.00977,24477.30078,24232.21094,24436.73047,BSE-500,,
2023-01-16,24510.08984,24555.55078,24327.51953,24373.2793,BSE-500,,
2023-01-17,24391.40039,24536.96094,24356.06055,24518.73047,BSE-500,,
2023-01-18,24546.08984,24652.39063,24492.92969,24631.78906,BSE-500,,
2023-01-19,24568.55078,24614.4707,24508.38086,24560.65039,BSE-500,,
2023-01-20,24559.91992,24597.39063,24429.7793,24444.81055,BSE-500,,
2023-01-23,24518.90039,24576.59961,24480.39063,24532.98047,BSE-500,,
2023-01-24,24588.14063,24624.41992,24473.05078,24505.2207,BSE-500,,
2023-01-25,24448.66016,24467.94922,24127.58008,24164.16016,BSE-500,,
2023-01-27,24127.17969,24137.25,23541.00977,23688.98047,BSE-500,,
2023-01-30,23541.48047,23816,23369.49023,23647.14063,BSE-500,,
2023-01-31,23724.4707,23821.16016,23551.94922,23778.46094,BSE-500,,
2023-02-01,23936.90039,24124.76953,23284.33008,23629.76953,BSE-500,,
2023-02-02,23532.86914,23697.40039,23406.63086,23620.08984,BSE-500,,
2023-02-03,23706.66016,23826.48047,23469.69922,23812.75,BSE-500,,
2023-02-06,23793.41016,23794.25977,23668.65039,23765.51953,BSE-500,,
2023-02-07,23754.30078,23823.16016,23628.24023,23710.99023,BSE-500,,
2023-02-08,23735.83008,23938.16016,23733.44922,23908.58008,BSE-500,,
2023-02-09,23921,23948.33984,23796.01953,23908.85938,BSE-500,,
2023-02-10,23854.2207,23910.64063,23812.69922,23880,BSE-500,,
2023-02-13,23861.46094,23892.07031,23665.61914,23700,BSE-500,,
2023-02-14,23721.26953,23839.89063,23670.26953,23807.94922,BSE-500,,
2023-02-15,23782.96094,23941.23047,23740.50977,23916.38086,BSE-500,,
2023-02-16,24003.80078,24074.56055,23955.2793,23991.91992,BSE-500,,
2023-02-17,23889.94922,23980.60938,23809.83008,23863.43945,BSE-500,,
2023-02-20,23881.07031,23918.76953,23734.17969,23761.28906,BSE-500,,
2023-02-21,23790.7207,23849.57031,23695.57031,23724.18945,BSE-500,,
2023-02-22,23616.89063,23640.23047,23345.75977,23382.96094,BSE-500,,
2023-02-23,23384.55078,23446.25977,23222.9707,23333.03906,BSE-500,,
2023-02-24,23405.53906,23442.49023,23219.64063,23268.44922,BSE-500,,
2023-02-27,23210.63086,23215.33008,23004.16992,23135.15039,BSE-500,,
2023-02-28,23140.21094,23190.28906,23021.07031,23084.78906,BSE-500,,
2023-03-01,23129.00977,23333.41016,23127.16992,23316.03906,BSE-500,,
2023-03-02,23286.61914,23324.44922,23181.16992,23196.44922,BSE-500,,
2023-03-03,23319.64063,23555.7793,23319.56055,23496.19922,BSE-500,,
2023-03-06,23571.43945,23762.11914,23570.32031,23665.32031,BSE-500,,
2023-03-08,23566.2793,23752.25,23525.86914,23734.53906,BSE-500,,
2023-03-09,23782.13086,23785.16016,23531.19922,23554.34961,BSE-500,,
2023-03-10,23367.98047,23373.41016,23218.65039,23353.34961,BSE-500,,
2023-03-13,23299.08984,23473.2207,22948.38086,22998.15039,BSE-500,,
2023-03-14,22968.57031,23067.5293,22767.00977,22848.21094,BSE-500,,
2023-03-15,22979.56055,23058.58008,22750,22781.16992,BSE-500,,
2023-03-16,22751.78906,22891.43945,22578.58984,22805.75977,BSE-500,,
2023-03-17,22952.69922,23015.91016,22801.2207,22944.85938,BSE-500,,
2023-03-20,22842.40039,22867.08984,22592.36914,22778.78906,BSE-500,,
2023-03-21,22878.66016,22954.67969,22816.41992,22928.88086,BSE-500,,
2023-03-22,22995.90039,23064.73047,22963.16016,23003.84961,BSE-500,,
2023-03-23,22949.18945,23055.2207,22893.90039,22913.80078,BSE-500,,
2023-03-24,22910.33984,22961.01953,22679.5293,22716.65039,BSE-500,,
2023-03-27,22717.73047,22825.03906,22648.64063,22686.98047,BSE-500,,
2023-03-28,22712.98047,22749.78906,22556.39063,22608.39063,BSE-500,,
2023-03-29,22574.0293,22869.50977,22573.31055,22822.89063,BSE-500,,
2023-03-31,22915.7207,23190.42969,22915.7207,23160.00977,BSE-500,,
2023-04-03,23225.16992,23244.34961,23134.13086,23226.81055,BSE-500,,
2023-04-05,23214.15039,23413.63086,23214.15039,23397.10938,BSE-500,,
2023-04-06,23371.96094,23515.5,23337.93945,23475.05078,BSE-500,,
2023-04-10,23494.48047,23592.78906,23491.19922,23526.35938,BSE-500,,
2023-04-11,23589.33984,23691.33008,23564.75,23652.44922,BSE-500,,
2023-04-12,23665.43945,23781.14063,23659.26953,23768.4707,BSE-500,,
2023-04-13,23762.58008,23805.91992,23679.65039,23789.46094,BSE-500,,
2023-04-17,23753.36914,23761.18945,23533.06055,23706,BSE-500,,
2023-04-18,23726.86914,23778.82031,23626.66992,23693.71094,BSE-500,,
2023-04-19,23696.35938,23707.16016,23596.15039,23629.60938,BSE-500,,
2023-04-20,23631.06055,23710.25,23599,23638.11914,BSE-500,,
2023-04-21,23615.36914,23685.49023,23526.56055,23611.55078,BSE-500,,
2023-04-24,23663.51953,23758.88086,23610.9707,23745.86914,BSE-500,,
2023-04-25,23781.06055,23830.46094,23729.33008,23787.08008,BSE-500,,
2023-04-26,23762.25977,23868.68945,23734.65039,23851.41016,BSE-500,,
2023-04-27,23855.44922,23998.40039,23849.49023,23983.88086,BSE-500,,
2023-04-28,24011.34961,24239.64063,23987.7207,24209.36914,BSE-500,,
2023-05-02,24273.81055,24388.66992,24269.60938,24344.14063,BSE-500,,
2023-05-03,24295.16016,24351.26953,24250.39063,24304.65039,BSE-500,,
2023-05-04,24327.21094,24524.21094,24288.92969,24506.33008,BSE-500,,
2023-05-05,24368.06055,24491.83008,24287.40039,24306.41992,BSE-500,,
2023-05-08,24334.75,24563.57031,24334.66016,24543.58008,BSE-500,,
2023-05-09,24575.14063,24660.75977,24490.82031,24528.82031,BSE-500,,
2023-05-10,24558.5,24614.19922,24454.5,24603.75977,BSE-500,,
2023-05-11,24672.43945,24688.83008,24598.91016,24631.34961,BSE-500,,
2023-05-12,24618.84961,24667.46094,24502.9707,24622.46094,BSE-500,,
2023-05-15,24641.25977,24801.82031,24600.50977,24733.55078,BSE-500,,
2023-05-16,24781.63086,24802.82031,24612.16992,24639.7793,BSE-500,,
2023-05-17,24642.51953,24665.36914,24444.81055,24536.51953,BSE-500,,
2023-05-18,24650.25,24673.55078,24410.91992,24429.34961,BSE-500,,
2023-05-19,24456.85938,24522.89063,24302.2793,24504.07031,BSE-500,,
2023-05-22,24468.07031,24678.06055,24468.01953,24655.58008,BSE-500,,
2023-05-23,24714.83008,24802.32031,24696.2793,24716.44922,BSE-500,,
2023-05-24,24681.15039,24795.78906,24641.39063,24673.28906,BSE-500,,
2023-05-25,24647.11914,24758.93945,24610.28906,24739.66992,BSE-500,,
2023-05-26,24763.41016,24975.96094,24760.7207,24962.81055,BSE-500,,
2023-05-29,25055.10938,25134.58008,25055.10938,25080.82031,BSE-500,,
2023-05-30,25074.05078,25150.32031,25049.66992,25109.51953,BSE-500,,
2023-05-31,25068.4707,25093.58984,24963.55078,25059.66992,BSE-500,,
2023-06-01,25090.69922,25146.90039,25020.91992,25042.41992,BSE-500,,
2023-06-02,25110.94922,25168.9707,25070.68945,25122.99023,BSE-500,,
2023-06-05,25196.66016,25262.92969,25193.0293,25201.19922,BSE-500,,
2023-06-06,25200.44922,25256.34961,25134.19922,25233.58984,BSE-500,,
2023-06-07,25283.98047,25447.94922,25283.9707,25431.09961,BSE-500,,
2023-06-08,25451.17969,25500.81055,25278.10938,25296.57031,BSE-500,,
2023-06-09,25302.53906,25359.40039,25210.9707,25224.55078,BSE-500,,
2023-06-12,25242.50977,25329.42969,25221.34961,25302.89063,BSE-500,,
2023-06-13,25329.0293,25506.74023,25329.01953,25496.65039,BSE-500,,
2023-06-14,25504.36914,25562.85938,25472.88086,25549.03906,BSE-500,,
2023-06-15,25536.10938,25635.23047,25476.78906,25502.55078,BSE-500,,
2023-06-16,25528.41016,25744.31055,25527.89063,25698.78906,BSE-500,,
2023-06-19,25738.40039,25800.2793,25598.08984,25631.66016,BSE-500,,
2023-06-20,25634.74023,25749.75977,25538.5293,25716.35938,BSE-500,,
2023-06-21,25776.39063,25846.24023,25728.74023,25789.55078,BSE-500,,
2023-06-22,25813,25817.83008,25605.11914,25621.84961,BSE-500,,
2022-06-22,3199.899902,3250.550049,3183,3222.949951,TCS,,
2022-06-23,3222.949951,3318,3222.949951,3308.800049,TCS,,
2022-06-24,3339,3345,3277.5,3293.100098,TCS,,
2022-06-27,3350,3362.899902,3306.5,3314.699951,TCS,,
2022-06-28,3307,3330,3272.600098,3318.149902,TCS,,
2022-06-29,3271,3333,3271,3290.5,TCS,,
2022-06-30,3272,3310.899902,3255,3267.100098,TCS,,
2022-07-01,3260,3333,3252.050049,3315.100098,TCS,,
2022-07-04,3312,3317.949951,3225.050049,3235.050049,TCS,,
2022-07-05,3255,3272,3206.949951,3216.300049,TCS,,
2022-07-06,3218.5,3268.5,3202.25,3260.75,TCS,,
2022-07-07,3271,3319.399902,3265.050049,3287.850098,TCS,,
2022-07-08,3300,3305,3250,3265.449951,TCS,,
2022-07-11,3206.149902,3225,3106,3113.800049,TCS,,
2022-07-12,3114.899902,3136.199951,3080.25,3084.699951,TCS,,
2022-07-13,3104,3110,3035,3038.75,TCS,,
2022-07-14,3056,3057,2967,2998.75,TCS,,
2022-07-15,3018.550049,3028.899902,2953,2994.600098,TCS,,
2022-07-18,3023,3076.949951,3014.300049,3063.5,TCS,,
2022-07-19,3030.050049,3078.949951,3030.050049,3074.25,TCS,,
2022-07-20,3107.800049,3171.949951,3098.050049,3164.800049,TCS,,
2022-07-21,3167,3184,3144.050049,3177.300049,TCS,,
2022-07-22,3185,3197,3143.5,3171,TCS,,
2022-07-25,3165,3186.449951,3149.100098,3166.75,TCS,,
2022-07-26,3164.699951,3168.899902,3096.5,3115.899902,TCS,,
2022-07-27,3115,3194.100098,3110,3188.850098,TCS,,
2022-07-28,3216,3264,3201.649902,3260.5,TCS,,
2022-07-29,3290,3317.300049,3275,3301.899902,TCS,,
2022-08-01,3327,3327,3271,3298.800049,TCS,,
2022-08-02,3290,3312.899902,3271.649902,3291.800049,TCS,,
2022-08-03,3280,3349,3277.050049,3339.5,TCS,,
2022-08-04,3350,3387.899902,3307.350098,3354.949951,TCS,,
2022-08-05,3361.199951,3377,3355,3365.050049,TCS,,
2022-08-08,3365,3378.899902,3336,3374.449951,TCS,,
2022-08-10,3385,3385,3335,3354.25,TCS,,
2022-08-11,3400,3428.699951,3375.050049,3422.5,TCS,,
2022-08-12,3419,3419,3381.25,3401.550049,TCS,,
2022-08-16,3411,3414.850098,3387.5,3392.699951,TCS,,
2022-08-17,3385.100098,3417.949951,3371.100098,3401.100098,TCS,,
2022-08-18,3390,3392,3362,3381.25,TCS,,
2022-08-19,3387,3421.5,3371.25,3385.75,TCS,,
2022-08-22,3365,3384.100098,3347.399902,3354.550049,TCS,,
2022-08-23,3319.949951,3341.899902,3270,3284.600098,TCS,,
2022-08-24,3292,3308,3250.199951,3255.350098,TCS,,
2022-08-25,3276,3278.149902,3214.75,3218.199951,TCS,,
2022-08-26,3234.300049,3257,3216.800049,3222.199951,TCS,,
2022-08-29,3125,3142.699951,3081,3132.550049,TCS,,
2022-08-30,3155,3226.5,3142.100098,3211.149902,TCS,,
2022-09-01,3190,3190,3121,3131.699951,TCS,,
2022-09-02,3163,3163,3120.300049,3130.399902,TCS,,
2022-09-05,3123.649902,3147.949951,3112.25,3133.399902,TCS,,
2022-09-06,3135.5,3140.850098,3106.350098,3127.050049,TCS,,
2022-09-07,3102,3161.899902,3102,3149.600098,TCS,,
2022-09-08,3170,3183.5,3160.100098,3169.649902,TCS,,
2022-09-09,3195,3233.5,3168.5,3217.649902,TCS,,
2022-09-12,3239.899902,3269.800049,3225,3242.949951,TCS,,
2022-09-13,3263.449951,3263.449951,3225,3229.350098,TCS,,
2022-09-14,3135,3141.399902,3113.800049,3120.399902,TCS,,
2022-09-15,3130,3137.75,3100,3104.350098,TCS,,
2022-09-16,3076,3094.350098,3000,3008.699951,TCS,,
2022-09-19,3036,3042,2987.800049,3028.800049,TCS,,
2022-09-20,3050,3079.949951,3030,3040.300049,TCS,,
2022-09-21,3028,3041.399902,2998.149902,3001.199951,TCS,,
2022-09-22,2990,3029.949951,2979.300049,3007.399902,TCS,,
2022-09-23,3004,3022.5,2979,2982.050049,TCS,,
2022-09-26,2959.850098,3025.850098,2926.100098,2994.399902,TCS,,
2022-09-27,3009.399902,3025,2976,3017.449951,TCS,,
2022-09-28,2980,3049.949951,2980,3035.649902,TCS,,
2022-09-29,3054,3055.850098,2990,2997.300049,TCS,,
2022-09-30,2990.850098,3019.699951,2950.100098,3004.550049,TCS,,
2022-10-03,2995,3020.699951,2974,2984.949951,TCS,,
2022-10-04,3029.949951,3098,3023,3091.149902,TCS,,
2022-10-06,3111,3124,3092.449951,3101.949951,TCS,,
2022-10-07,3097.399902,3105,3058.100098,3064.899902,TCS,,
2022-10-10,3010,3127,3005,3118.550049,TCS,,
2022-10-11,3100,3145,3053.350098,3069.550049,TCS,,
2022-10-12,3084.899902,3109.899902,3062.050049,3100.75,TCS,,
2022-10-13,3100.75,3110,3052.350098,3103.300049,TCS,,
2022-10-14,3145,3150,3071,3099.149902,TCS,,
2022-10-17,3072.649902,3128.399902,3071.449951,3111.75,TCS,,
2022-10-18,3150,3155.350098,3128.550049,3144.699951,TCS,,
2022-10-19,3159,3159,3112,3121.850098,TCS,,
2022-10-20,3105,3160,3105,3157.300049,TCS,,
2022-10-21,3157.800049,3160.399902,3127,3137.399902,TCS,,
2022-10-24,3170.100098,3178,3155,3161.699951,TCS,,
2022-10-25,3180.5,3184.25,3151.149902,3162.100098,TCS,,
2022-10-27,3160.699951,3174,3134.350098,3157.399902,TCS,,
2022-10-28,3150,3178.5,3145,3163.25,TCS,,
2022-10-31,3199,3199,3177.800049,3193.149902,TCS,,
2022-11-01,3214.5,3262.600098,3203.449951,3259.699951,TCS,,
2022-11-02,3270,3270,3222.050049,3241.699951,TCS,,
2022-11-03,3228.050049,3228.050049,3195,3206.75,TCS,,
2022-11-04,3217,3220.050049,3166.149902,3217.399902,TCS,,
2022-11-07,3229,3242.800049,3195.100098,3233.699951,TCS,,
2022-11-09,3249.800049,3249.800049,3201.649902,3216.050049,TCS,,
2022-11-10,3170,3225,3170,3205.649902,TCS,,
2022-11-11,3269.600098,3341.600098,3255.050049,3315.949951,TCS,,
2022-11-14,3324,3349,3309,3335.5,TCS,,
2022-11-15,3321,3339.949951,3292,3332.600098,TCS,,
2022-11-16,3338.899902,3367.899902,3321.449951,3355.350098,TCS,,
2022-11-17,3340,3360,3317.75,3349,TCS,,
2022-11-18,3350,3362.75,3321,3343.449951,TCS,,
2022-11-21,3322.5,3333.699951,3273,3283.5,TCS,,
2022-11-22,3280,3318.949951,3255.25,3314.949951,TCS,,
2022-11-23,3330,3330,3291,3308.300049,TCS,,
2022-11-24,3316.25,3392.949951,3308.300049,3380.149902,TCS,,
2022-11-25,3383,3403.350098,3348,3389.649902,TCS,,
2022-11-28,3366,3417,3365.550049,3395.25,TCS,,
2022-11-29,3383,3429,3383,3397.350098,TCS,,
2022-11-30,3383,3414.899902,3375,3390.800049,TCS,,
2022-12-01,3425,3480,3420,3475.649902,TCS,,
2022-12-02,3458.100098,3468.899902,3413,3439.149902,TCS,,
2022-12-05,3433,3439.149902,3407,3425.899902,TCS,,
2022-12-06,3400.050049,3407.949951,3368,3385.350098,TCS,,
2022-12-07,3368.300049,3393.699951,3354,3380.600098,TCS,,
2022-12-08,3360,3380.600098,3339.449951,3350.550049,TCS,,
2022-12-09,3374.100098,3374.100098,3276.350098,3292.75,TCS,,
2022-12-12,3255.5,3296,3236.100098,3286.449951,TCS,,
2022-12-13,3277.199951,3336.449951,3267.800049,3332.100098,TCS,,
2022-12-14,3348.800049,3377,3340.899902,3365.350098,TCS,,
2022-12-15,3358.800049,3364.75,3298.949951,3305.100098,TCS,,
2022-12-16,3275,3292,3225.199951,3240.25,TCS,,
2022-12-19,3227,3245.5,3194.5,3202.050049,TCS,,
2022-12-20,3198.899902,3249,3163.649902,3243.949951,TCS,,
2022-12-21,3249,3283.050049,3240,3268.550049,TCS,,
2022-12-22,3294,3294,3245.100098,3259.699951,TCS,,
2022-12-23,3217,3266.850098,3217,3228.350098,TCS,,
2022-12-26,3228.350098,3272,3225.050049,3252.899902,TCS,,
2022-12-27,3269.199951,3273.800049,3231.5,3259.5,TCS,,
2022-12-28,3249.800049,3266.100098,3226,3257.100098,TCS,,
2022-12-29,3231.100098,3271.5,3228,3268.75,TCS,,
2022-12-30,3286.050049,3299,3246.199951,3256.699951,TCS,,
2023-01-02,3261,3266.850098,3235.199951,3261.449951,TCS,,
2023-01-03,3252,3320,3245.300049,3311.350098,TCS,,
2023-01-04,3306.699951,3327.350098,3286.199951,3314.649902,TCS,,
2023-01-05,3330.199951,3337.300049,3281.949951,3311.100098,TCS,,
2023-01-06,3300,3301.550049,3200,3211.550049,TCS,,
2023-01-09,3229,3327,3221.149902,3319.949951,TCS,,
2023-01-10,3285,3298,3230.100098,3286.399902,TCS,,
2023-01-11,3290.100098,3349.5,3271.149902,3328.699951,TCS,,
2023-01-12,3329,3350,3315.550049,3334.350098,TCS,,
2023-01-13,3342.899902,3379,3305,3374.550049,TCS,,
2023-01-16,3317,3353,3298.050049,3334.050049,TCS,,
2023-01-17,3330,3381.800049,3321,3378.399902,TCS,,
2023-01-18,3380,3408.949951,3372.25,3390,TCS,,
2023-01-19,3380,3387,3361,3373.100098,TCS,,
2023-01-20,3365,3394.649902,3355.600098,3363.100098,TCS,,
2023-01-23,3388,3419,3355.600098,3414.899902,TCS,,
2023-01-24,3425,3451.949951,3417.300049,3436.300049,TCS,,
2023-01-25,3425.300049,3435,3405,3429.75,TCS,,
2023-01-27,3426,3446,3382.300049,3411.050049,TCS,,
2023-01-30,3420,3458.449951,3385.550049,3433.649902,TCS,,
2023-01-31,3449,3449,3351,3358.699951,TCS,,
2023-02-01,3363,3419,3355,3408.350098,TCS,,
2023-02-02,3427,3469,3420.100098,3460.399902,TCS,,
2023-02-03,3504,3504,3452.899902,3482.300049,TCS,,
2023-02-06,3473.149902,3473.149902,3436.850098,3459.949951,TCS,,
2023-02-07,3468.899902,3493,3461.399902,3472.550049,TCS,,
2023-02-08,3478.050049,3539.899902,3478.050049,3520.100098,TCS,,
2023-02-09,3515,3547.600098,3505.300049,3540.850098,TCS,,
2023-02-10,3520,3542.350098,3508.149902,3537.550049,TCS,,
2023-02-13,3549,3549,3473.399902,3482.399902,TCS,,
2023-02-14,3505,3524.850098,3495,3500.100098,TCS,,
2023-02-15,3487,3526,3460.149902,3520.649902,TCS,,
2023-02-16,3527.199951,3575,3527,3558.050049,TCS,,
2023-02-17,3526.149902,3538.899902,3490,3501.149902,TCS,,
2023-02-20,3502,3522,3475.050049,3487.300049,TCS,,
2023-02-21,3494,3508.899902,3444.75,3451,TCS,,
2023-02-22,3414.949951,3447,3395,3401.550049,TCS,,
2023-02-23,3421,3452.399902,3408,3413.800049,TCS,,
2023-02-24,3422.5,3433.949951,3382.300049,3400.449951,TCS,,
2023-02-27,3390,3390,3316,3331.850098,TCS,,
2023-02-28,3328.5,3392,3299.899902,3312.850098,TCS,,
2023-03-01,3323,3389,3315,3385.699951,TCS,,
2023-03-02,3361,3369.899902,3318,3321.449951,TCS,,
2023-03-03,3354,3358,3331.100098,3342.149902,TCS,,
2023-03-06,3361.899902,3404.949951,3359,3371.850098,TCS,,
2023-03-08,3364,3396,3330.850098,3390.399902,TCS,,
2023-03-09,3385,3385,3330.850098,3336.850098,TCS,,
2023-03-10,3312.899902,3337.25,3290,3331,TCS,,
2023-03-13,3333,3369.800049,3272,3281.949951,TCS,,
2023-03-14,3280,3304.399902,3209.399902,3214.949951,TCS,,
2023-03-15,3250,3260.350098,3192,3198.899902,TCS,,
2023-03-16,3208,3219.800049,3172,3185,TCS,,
2023-03-17,3150.5,3221.399902,3144,3179.300049,TCS,,
2023-03-20,3169.649902,3169.649902,3095.050049,3143.300049,TCS,,
2023-03-21,3143.300049,3156.75,3097.449951,3106.100098,TCS,,
2023-03-22,3130.050049,3143.5,3106.100098,3130.800049,TCS,,
2023-03-23,3114.899902,3146.350098,3101,3124.649902,TCS,,
2023-03-24,3148.899902,3170,3106,3120.5,TCS,,
2023-03-27,3135,3152.75,3106,3122.300049,TCS,,
2023-03-28,3127,3149.550049,3110.149902,3115.899902,TCS,,
2023-03-29,3129,3150,3104.100098,3138.899902,TCS,,
2023-03-31,3189.949951,3213,3152,3205.899902,TCS,,
2023-04-03,3224.949951,3224.949951,3173.75,3200,TCS,,
2023-04-05,3185.5,3264.350098,3185.5,3239.800049,TCS,,
2023-04-06,3225,3257.350098,3215,3220.699951,TCS,,
2023-04-10,3220,3272,3215,3263.399902,TCS,,
2023-04-11,3264,3272.949951,3192.149902,3213.800049,TCS,,
2023-04-12,3227.949951,3260.949951,3199,3241.649902,TCS,,
2023-04-13,3210,3230,3180,3188.850098,TCS,,
2023-04-17,3134.100098,3163.399902,3070.25,3139.5,TCS,,
2023-04-18,3154.949951,3156.850098,3110.600098,3130.75,TCS,,
2023-04-19,3130.75,3140,3071.5,3089.600098,TCS,,
2023-04-20,3090,3113,3078,3104.800049,TCS,,
2023-04-21,3110,3164.449951,3100.800049,3160.850098,TCS,,
2023-04-24,3151.100098,3180.949951,3126.149902,3174.800049,TCS,,
2023-04-25,3183,3191.199951,3147.5,3176,TCS,,
2023-04-26,3181,3208.399902,3181,3198.149902,TCS,,
2023-04-27,3185,3199.199951,3170.649902,3187.949951,TCS,,
2023-04-28,3200.399902,3227.25,3196.25,3219.25,TCS,,
2023-05-02,3235,3235,3210,3219.399902,TCS,,
2023-05-03,3216,3216,3173.149902,3179.899902,TCS,,
2023-05-04,3180.149902,3224.449951,3178,3220.699951,TCS,,
2023-05-05,3220,3244,3210.050049,3230.699951,TCS,,
2023-05-08,3245,3254.850098,3231.300049,3250.600098,TCS,,
2023-05-09,3252.600098,3298,3246,3283.25,TCS,,
2023-05-10,3290,3306.5,3266.050049,3286.800049,TCS,,
2023-05-11,3309,3309.699951,3272,3282.149902,TCS,,
2023-05-12,3279.149902,3290,3260,3274.300049,TCS,,
2023-05-15,3284,3292,3248.350098,3255.050049,TCS,,
2023-05-16,3256.199951,3285,3250.449951,3258.149902,TCS,,
2023-05-17,3255.949951,3280,3198.25,3208.699951,TCS,,
2023-05-18,3225.949951,3228.949951,3195,3199.850098,TCS,,
2023-05-19,3210,3234.5,3203.050049,3222.850098,TCS,,
2023-05-22,3230,3308.449951,3217.050049,3298.699951,TCS,,
2023-05-23,3306,3327.949951,3290.100098,3297.050049,TCS,,
2023-05-24,3276,3317.199951,3276,3303.350098,TCS,,
2023-05-25,3294,3306,3267.100098,3293.5,TCS,,
2023-05-26,3293.5,3338.649902,3291,3328.899902,TCS,,
2023-05-29,3360.800049,3372,3312,3320.350098,TCS,,
2023-05-30,3315,3326.949951,3301.350098,3316.199951,TCS,,
2023-05-31,3309,3327.699951,3265.149902,3289.5,TCS,,
2023-06-01,3314,3340,3297.5,3324,TCS,,
2023-06-02,3326.25,3335.899902,3297.449951,3305.600098,TCS,,
2023-06-05,3315,3327,3285.050049,3288.899902,TCS,,
2023-06-06,3280,3288.850098,3220.600098,3232.300049,TCS,,
2023-06-07,3253,3278.850098,3241,3274.899902,TCS,,
2023-06-08,3261,3270,3233,3236.449951,TCS,,
2023-06-09,3245,3250,3205.350098,3209.300049,TCS,,
2023-06-12,3215,3254.399902,3211,3246.899902,TCS,,
2023-06-13,3260,3265,3239,3243.699951,TCS,,
2023-06-14,3243.699951,3255.850098,3225.850098,3251.050049,TCS,,
2023-06-15,3245.300049,3247.449951,3210,3216.300049,TCS,,
2023-06-16,3197,3199.399902,3156,3174.899902,TCS,,
2023-06-19,3190,3214.899902,3175,3210.399902,TCS,,
2023-06-20,3214,3232.5,3201.050049,3227.699951,TCS,,
2023-06-21,3250,3261.399902,3223.949951,3258.199951,TCS,,
2023-06-22,3260,3267.649902,3230.100098,3238.5,TCS,,
2022-06-22,2558.100098,2558.300049,2501,2505.600098,RELIANCE,,
2022-06-23,2515.050049,2525,2445,2464.949951,RELIANCE,,
2022-06-24,2480,2511,2468,2500.050049,RELIANCE,,
2022-06-27,2544.949951,2544.949951,2481.550049,2492.649902,RELIANCE,,
2022-06-28,2482.100098,2533.949951,2482.100098,2527.699951,RELIANCE,,
2022-06-29,2507.199951,2597,2501,2580.149902,RELIANCE,,
2022-06-30,2580,2615.899902,2566,2595.649902,RELIANCE,,
2022-07-01,2574.899902,2592,2365,2408.699951,RELIANCE,,
2022-07-04,2378.949951,2442,2366.100098,2413.699951,RELIANCE,,
2022-07-05,2423,2464.899902,2417.100098,2433.25,RELIANCE,,
2022-07-06,2420.100098,2441.949951,2388,2411.850098,RELIANCE,,
2022-07-07,2425.899902,2433.25,2375,2388.100098,RELIANCE,,
2022-07-08,2418,2418,2382.550049,2391.399902,RELIANCE,,
2022-07-11,2376.5,2428.800049,2370,2423.899902,RELIANCE,,
2022-07-12,2404,2439.699951,2404,2420.449951,RELIANCE,,
2022-07-13,2427.300049,2434,2373,2377.550049,RELIANCE,,
2022-07-14,2388,2433.949951,2376.949951,2397.149902,RELIANCE,,
2022-07-15,2415,2415,2383.100098,2401.800049,RELIANCE,,
2022-07-18,2421,2425,2392.300049,2422.25,RELIANCE,,
2022-07-19,2400.300049,2447,2400.300049,2437.100098,RELIANCE,,
2022-07-20,2540,2542.5,2486.25,2503,RELIANCE,,
2022-07-21,2494,2500,2467.300049,2486.300049,RELIANCE,,
2022-07-22,2500,2516.300049,2495,2503.100098,RELIANCE,,
2022-07-25,2467.449951,2467.449951,2403,2420.399902,RELIANCE,,
2022-07-26,2421.100098,2443.899902,2411.350098,2421.5,RELIANCE,,
2022-07-27,2419.949951,2427,2402,2419.199951,RELIANCE,,
2022-07-28,2436,2467.949951,2421,2457.100098,RELIANCE,,
2022-07-29,2474.699951,2517.100098,2464,2509.449951,RELIANCE,,
2022-08-01,2519.149902,2587.75,2507.600098,2574.850098,RELIANCE,,
2022-08-02,2572.5,2607.800049,2561.550049,2584.649902,RELIANCE,,
2022-08-03,2600,2610,2567.449951,2606.350098,RELIANCE,,
2022-08-04,2610,2617.75,2535,2571.899902,RELIANCE,,
2022-08-05,2576,2578.800049,2526.949951,2534,RELIANCE,,
2022-08-08,2531,2583.550049,2531,2567.149902,RELIANCE,,
2022-08-10,2576.899902,2589.899902,2557.050049,2582.5,RELIANCE,,
2022-08-11,2603.100098,2609.899902,2580.199951,2591.100098,RELIANCE,,
2022-08-12,2590.300049,2641.350098,2582.199951,2633,RELIANCE,,
2022-08-16,2646.199951,2657.300049,2627.300049,2651.300049,RELIANCE,,
2022-08-17,2665,2676.899902,2655.550049,2665.149902,RELIANCE,,
2022-08-18,2660,2669,2640.199951,2661.300049,RELIANCE,,
2022-08-19,2650,2661.699951,2604.949951,2613.850098,RELIANCE,,
2022-08-22,2617,2631.300049,2586,2606.600098,RELIANCE,,
2022-08-23,2594,2653.199951,2591.350098,2646.800049,RELIANCE,,
2022-08-24,2640.100098,2670,2635.350098,2639.75,RELIANCE,,
2022-08-25,2648.949951,2662.899902,2622.600098,2632.050049,RELIANCE,,
2022-08-26,2633,2650,2607,2618,RELIANCE,,
2022-08-29,2585,2655,2578.050049,2597.649902,RELIANCE,,
2022-08-30,2614,2645.25,2576.600098,2637.949951,RELIANCE,,
2022-09-01,2582.649902,2604.949951,2550.699951,2560.399902,RELIANCE,,
2022-09-02,2560.399902,2575.350098,2525.699951,2530.5,RELIANCE,,
2022-09-05,2531,2581.5,2531,2569.800049,RELIANCE,,
2022-09-06,2573,2606,2572,2596.850098,RELIANCE,,
2022-09-07,2575,2594.899902,2570,2581.75,RELIANCE,,
2022-09-08,2588.25,2598,2571,2585.399902,RELIANCE,,
2022-09-09,2610,2610,2564,2569.300049,RELIANCE,,
2022-09-12,2570.550049,2612,2570.550049,2598.050049,RELIANCE,,
2022-09-13,2618,2629.699951,2601,2619.75,RELIANCE,,
2022-09-14,2575,2610,2572.75,2588.350098,RELIANCE,,
2022-09-15,2583,2603.550049,2556.75,2562.699951,RELIANCE,,
2022-09-16,2543.75,2553,2491,2499.199951,RELIANCE,,
2022-09-19,2499.199951,2522.699951,2481.350098,2502.449951,RELIANCE,,
2022-09-20,2522.449951,2537.699951,2494.699951,2502.850098,RELIANCE,,
2022-09-21,2496.75,2533,2495,2509.75,RELIANCE,,
2022-09-22,2486,2503,2472.100098,2486.100098,RELIANCE,,
2022-09-23,2485,2495.949951,2436.100098,2439.5,RELIANCE,,
2022-09-26,2394.050049,2417.800049,2375.149902,2377.350098,RELIANCE,,
2022-09-27,2394,2426,2360.100098,2396.25,RELIANCE,,
2022-09-28,2360.350098,2378,2327.100098,2332.449951,RELIANCE,,
2022-09-29,2360,2367.5,2313,2325.300049,RELIANCE,,
2022-09-30,2311,2402,2311,2377.75,RELIANCE,,
2022-10-03,2391.5,2416.949951,2363,2369.5,RELIANCE,,
2022-10-04,2397.800049,2418,2390.149902,2413.199951,RELIANCE,,
2022-10-06,2429,2450,2418.149902,2422.100098,RELIANCE,,
2022-10-07,2414.649902,2443.899902,2414.649902,2432.350098,RELIANCE,,
2022-10-10,2405,2417.600098,2388,2405.800049,RELIANCE,,
2022-10-11,2414,2414,2351.100098,2357.899902,RELIANCE,,
2022-10-12,2352,2381.699951,2343.100098,2375.25,RELIANCE,,
2022-10-13,2371.399902,2394,2360.100098,2382.800049,RELIANCE,,
2022-10-14,2415,2416.350098,2369.100098,2370.699951,RELIANCE,,
2022-10-17,2355,2414,2343.600098,2408.75,RELIANCE,,
2022-10-18,2422,2463,2420.149902,2451.25,RELIANCE,,
2022-10-19,2454.5,2527.850098,2441.699951,2493.899902,RELIANCE,,
2022-10-20,2485,2519,2485,2500.600098,RELIANCE,,
2022-10-21,2507.699951,2516.800049,2467,2471.600098,RELIANCE,,
2022-10-24,2460,2502.5,2455.300049,2479.850098,RELIANCE,,
2022-10-25,2499,2499,2438,2441.550049,RELIANCE,,
2022-10-27,2458,2468.449951,2432.800049,2451.149902,RELIANCE,,
2022-10-28,2465,2535,2459.449951,2526.149902,RELIANCE,,
2022-10-31,2541,2560.949951,2532.199951,2549.600098,RELIANCE,,
2022-11-01,2600,2600,2508,2529.850098,RELIANCE,,
2022-11-02,2532.300049,2550.199951,2515,2545.649902,RELIANCE,,
2022-11-03,2529.850098,2559.550049,2525.050049,2555.149902,RELIANCE,,
2022-11-04,2553.899902,2600,2551.100098,2592.75,RELIANCE,,
2022-11-07,2591,2610.300049,2574,2606.600098,RELIANCE,,
2022-11-09,2610.300049,2621.949951,2590.050049,2604,RELIANCE,,
2022-11-10,2590,2596.550049,2563,2572.5,RELIANCE,,
2022-11-11,2600,2636,2588,2631.800049,RELIANCE,,
2022-11-14,2630.75,2642,2605.149902,2619.050049,RELIANCE,,
2022-11-15,2622.300049,2626.399902,2590,2607.300049,RELIANCE,,
2022-11-16,2610,2615.949951,2581.350098,2592.350098,RELIANCE,,
2022-11-17,2584.949951,2613,2580,2599.050049,RELIANCE,,
2022-11-18,2606.75,2609,2571.100098,2597.649902,RELIANCE,,
2022-11-21,2588,2588,2543.100098,2550.899902,RELIANCE,,
2022-11-22,2545,2568.5,2536.5,2565.050049,RELIANCE,,
2022-11-23,2575,2577.899902,2552.25,2557.050049,RELIANCE,,
2022-11-24,2566,2594,2548.199951,2579.100098,RELIANCE,,
2022-11-25,2589,2624.899902,2582.100098,2617.600098,RELIANCE,,
2022-11-28,2608.899902,2721.050049,2502,2707.550049,RELIANCE,,
2022-11-29,2703.949951,2731.649902,2694,2712.199951,RELIANCE,,
2022-11-30,2712.5,2745.449951,2698.199951,2731.350098,RELIANCE,,
2022-12-01,2741.800049,2755,2716,2723.300049,RELIANCE,,
2022-12-02,2730,2748,2700.600098,2722.149902,RELIANCE,,
2022-12-05,2712,2716.75,2678,2682.449951,RELIANCE,,
2022-12-06,2665.100098,2697,2661,2690.199951,RELIANCE,,
2022-12-07,2685,2695,2642.149902,2650.5,RELIANCE,,
2022-12-08,2660,2665,2640.100098,2649.25,RELIANCE,,
2022-12-09,2646,2660,2601.850098,2609.100098,RELIANCE,,
2022-12-12,2585.5,2623,2585,2613.100098,RELIANCE,,
2022-12-13,2613.100098,2633,2606.699951,2625,RELIANCE,,
2022-12-14,2637.649902,2638.949951,2611,2615.5,RELIANCE,,
2022-12-15,2602.5,2615,2571,2578.350098,RELIANCE,,
2022-12-16,2571,2618.800049,2558.149902,2565.600098,RELIANCE,,
2022-12-19,2581,2604,2566.699951,2599.300049,RELIANCE,,
2022-12-20,2583.899902,2626,2566,2621.800049,RELIANCE,,
2022-12-21,2621,2633,2576.100098,2584.5,RELIANCE,,
2022-12-22,2598,2604.649902,2566.75,2577.800049,RELIANCE,,
2022-12-23,2563.300049,2590.5,2492.25,2502.199951,RELIANCE,,
2022-12-26,2514.75,2542,2492.399902,2524.050049,RELIANCE,,
2022-12-27,2530,2548.800049,2515.25,2544.699951,RELIANCE,,
2022-12-28,2538,2549.800049,2521.5,2544.449951,RELIANCE,,
2022-12-29,2527,2548.899902,2525.5,2543.300049,RELIANCE,,
2022-12-30,2545.100098,2577,2541.100098,2547.199951,RELIANCE,,
2023-01-02,2550,2579,2548.199951,2575.899902,RELIANCE,,
2023-01-03,2565.050049,2573,2547.800049,2557.050049,RELIANCE,,
2023-01-04,2557,2561.050049,2514,2518.550049,RELIANCE,,
2023-01-05,2523.5,2536.399902,2504,2514.050049,RELIANCE,,
2023-01-06,2526.649902,2547.949951,2518.300049,2536.899902,RELIANCE,,
2023-01-09,2545.300049,2602,2543.350098,2596.800049,RELIANCE,,
2023-01-10,2606,2606,2546,2558.399902,RELIANCE,,
2023-01-11,2552.5,2558,2521.100098,2526.149902,RELIANCE,,
2023-01-12,2524.850098,2532.5,2465,2471.600098,RELIANCE,,
2023-01-13,2458.399902,2472.899902,2434.600098,2467.600098,RELIANCE,,
2023-01-16,2472.699951,2479.649902,2427,2444.100098,RELIANCE,,
2023-01-17,2458,2483,2450.600098,2478.800049,RELIANCE,,
2023-01-18,2473.5,2491.100098,2460.350098,2474.699951,RELIANCE,,
2023-01-19,2472.899902,2481.149902,2456.649902,2472.050049,RELIANCE,,
2023-01-20,2475,2475,2437.25,2442.649902,RELIANCE,,
2023-01-23,2449,2466.199951,2425,2430.300049,RELIANCE,,
2023-01-24,2440,2443.649902,2387.350098,2415.949951,RELIANCE,,
2023-01-25,2412.449951,2414.699951,2380,2382.550049,RELIANCE,,
2023-01-27,2384.399902,2387.350098,2311.649902,2337.350098,RELIANCE,,
2023-01-30,2331.699951,2371.899902,2301,2359.75,RELIANCE,,
2023-01-31,2382,2387.649902,2341,2353.850098,RELIANCE,,
2023-02-01,2379.949951,2379.949951,2305,2339.899902,RELIANCE,,
2023-02-02,2318,2348,2311,2326.949951,RELIANCE,,
2023-02-03,2349,2349,2293,2329,RELIANCE,,
2023-02-06,2315,2321,2305.800049,2311.449951,RELIANCE,,
2023-02-07,2312,2327.399902,2293,2305.899902,RELIANCE,,
2023-02-08,2313,2359.899902,2307,2351.949951,RELIANCE,,
2023-02-09,2353.449951,2370.850098,2334,2356.050049,RELIANCE,,
2023-02-10,2354.899902,2354.899902,2321.300049,2336.649902,RELIANCE,,
2023-02-13,2340.199951,2350,2313.550049,2323.350098,RELIANCE,,
2023-02-14,2329.949951,2381.899902,2323.649902,2378.100098,RELIANCE,,
2023-02-15,2376,2437.199951,2373,2431.949951,RELIANCE,,
2023-02-16,2449.449951,2463.800049,2425.050049,2430.050049,RELIANCE,,
2023-02-17,2420,2447.5,2410.600098,2440.199951,RELIANCE,,
2023-02-20,2445,2449.75,2410.100098,2414.399902,RELIANCE,,
2023-02-21,2424,2446.800049,2412.350098,2434.100098,RELIANCE,,
2023-02-22,2425.949951,2430,2375.050049,2378.899902,RELIANCE,,
2023-02-23,2378,2394.75,2361.350098,2367.5,RELIANCE,,
2023-02-24,2372,2396.149902,2368,2383.699951,RELIANCE,,
2023-02-27,2382,2389.649902,2351.699951,2367.850098,RELIANCE,,
2023-02-28,2356.100098,2367,2313.649902,2322.550049,RELIANCE,,
2023-03-01,2344,2345.5,2323.25,2343.899902,RELIANCE,,
2023-03-02,2337,2351.649902,2321.600098,2326.050049,RELIANCE,,
2023-03-03,2349.149902,2393.449951,2341.550049,2385.399902,RELIANCE,,
2023-03-06,2400,2424.600098,2400,2408.699951,RELIANCE,,
2023-03-08,2408.699951,2419,2385,2417.350098,RELIANCE,,
2023-03-09,2416,2416.899902,2355.100098,2359.25,RELIANCE,,
2023-03-10,2341.5,2344,2315.050049,2322.699951,RELIANCE,,
2023-03-13,2329,2344,2275,2284.5,RELIANCE,,
2023-03-14,2280,2304.949951,2269.050049,2275.949951,RELIANCE,,
2023-03-15,2284.100098,2298.300049,2227.399902,2237.050049,RELIANCE,,
2023-03-16,2243,2254,2202.199951,2225.899902,RELIANCE,,
2023-03-17,2244.75,2251.949951,2212.699951,2223.100098,RELIANCE,,
2023-03-20,2215,2220,2180,2201.25,RELIANCE,,
2023-03-21,2218.949951,2274,2217,2269.699951,RELIANCE,,
2023-03-22,2285,2291.449951,2270,2276.600098,RELIANCE,,
2023-03-23,2268,2269.899902,2243.050049,2247.800049,RELIANCE,,
2023-03-24,2245.25,2250,2198,2203.300049,RELIANCE,,
2023-03-27,2217.5,2254,2200.199951,2237.550049,RELIANCE,,
2023-03-28,2245,2256.5,2237,2248,RELIANCE,,
2023-03-29,2239,2244.800049,2211.100098,2234.699951,RELIANCE,,
2023-03-31,2255,2343.449951,2254.699951,2331.050049,RELIANCE,,
2023-04-03,2345,2349,2315,2331.449951,RELIANCE,,
2023-04-05,2348,2348,2308.550049,2325.850098,RELIANCE,,
2023-04-06,2318.149902,2354,2318.149902,2341.449951,RELIANCE,,
2023-04-10,2350,2350.399902,2321.550049,2324.850098,RELIANCE,,
2023-04-11,2334,2341,2324.050049,2336.350098,RELIANCE,,
2023-04-12,2336.350098,2367.800049,2330.050049,2346.649902,RELIANCE,,
2023-04-13,2353,2365.800049,2342,2355.5,RELIANCE,,
2023-04-17,2424.949951,2424.949951,2349.050049,2367.449951,RELIANCE,,
2023-04-18,2377,2377,2326,2340.350098,RELIANCE,,
2023-04-19,2339.050049,2357.899902,2332.199951,2352,RELIANCE,,
2023-04-20,2354.100098,2359,2332.100098,2346.050049,RELIANCE,,
2023-04-21,2350.649902,2361,2336.399902,2349,RELIANCE,,
2023-04-24,2375,2380.899902,2348,2358,RELIANCE,,
2023-04-25,2366,2380.600098,2350.5,2376.050049,RELIANCE,,
2023-04-26,2379,2386.100098,2354.050049,2362.100098,RELIANCE,,
2023-04-27,2375,2384,2364,2377.050049,RELIANCE,,
2023-04-28,2382,2423.899902,2381.75,2420.5,RELIANCE,,
2023-05-02,2436.199951,2445.800049,2428.100098,2441.050049,RELIANCE,,
2023-05-03,2445,2445,2413.050049,2420.100098,RELIANCE,,
2023-05-04,2421.149902,2452.850098,2414.600098,2448,RELIANCE,,
2023-05-05,2441,2461.350098,2436,2441.75,RELIANCE,,
2023-05-08,2450,2483.649902,2444.149902,2471.899902,RELIANCE,,
2023-05-09,2475,2486.800049,2463.25,2479.550049,RELIANCE,,
2023-05-10,2490,2499.850098,2481.199951,2496.600098,RELIANCE,,
2023-05-11,2498.949951,2509.5,2476.550049,2480.300049,RELIANCE,,
2023-05-12,2469.800049,2487.399902,2456.5,2484.350098,RELIANCE,,
2023-05-15,2489.899902,2504.550049,2473.149902,2489.25,RELIANCE,,
2023-05-16,2494,2499.600098,2450.149902,2453.800049,RELIANCE,,
2023-05-17,2463,2465,2429,2439.300049,RELIANCE,,
2023-05-18,2449.550049,2457,2427.149902,2434.050049,RELIANCE,,
2023-05-19,2434.050049,2445.949951,2418.850098,2441.949951,RELIANCE,,
2023-05-22,2435,2466,2432.350098,2455,RELIANCE,,
2023-05-23,2460.649902,2468,2451.449951,2454.550049,RELIANCE,,
2023-05-24,2445.899902,2464,2433.449951,2440.25,RELIANCE,,
2023-05-25,2433.899902,2449,2416.050049,2439.949951,RELIANCE,,
2023-05-26,2458,2509,2450.75,2506.5,RELIANCE,,
2023-05-29,2521,2530,2507.199951,2520.600098,RELIANCE,,
2023-05-30,2520.600098,2537.699951,2514.350098,2519.949951,RELIANCE,,
2023-05-31,2500,2509.850098,2461,2469.899902,RELIANCE,,
2023-06-01,2480.149902,2484.899902,2458,2463.25,RELIANCE,,
2023-06-02,2471,2482.850098,2451,2455.199951,RELIANCE,,
2023-06-05,2467.199951,2483.75,2458.449951,2477.25,RELIANCE,,
2023-06-06,2483.449951,2487.699951,2462,2479.350098,RELIANCE,,
2023-06-07,2487,2500,2472.600098,2498.149902,RELIANCE,,
2023-06-08,2506,2516.850098,2491,2499.649902,RELIANCE,,
2023-06-09,2507,2508.550049,2478,2481.949951,RELIANCE,,
2023-06-12,2475.5,2489.199951,2465,2484.149902,RELIANCE,,
2023-06-13,2495,2523.449951,2486.25,2520.850098,RELIANCE,,
2023-06-14,2521,2555,2517,2551.850098,RELIANCE,,
2023-06-15,2551.800049,2562.550049,2535.5,2552.550049,RELIANCE,,
2023-06-16,2560.199951,2582.399902,2560.199951,2577.399902,RELIANCE,,
2023-06-19,2584,2584,2542.649902,2551.800049,RELIANCE,,
2023-06-20,2547.550049,2564,2535,2557.100098,RELIANCE,,
2023-06-21,2557,2569.850098,2548,2564.300049,RELIANCE,,
2023-06-22,2556,2573.300049,2532,2535.5,RELIANCE,,
